{"v":"5.11.0","fr":60,"ip":0,"op":106,"w":120,"h":120,"nm":"ic_AI_icon_loader_clockwise_1.45_60fps","ddd":0,"assets":[],"layers":[{"ddd":0,"ind":1,"ty":3,"nm":"Null 2","sr":1,"ks":{"o":{"a":0,"k":0,"ix":11},"r":{"a":0,"k":0,"ix":10},"p":{"a":0,"k":[61.25,54.5,0],"ix":2,"l":2},"a":{"a":0,"k":[50,50,0],"ix":1,"l":2},"s":{"a":0,"k":[45,45,100],"ix":6,"l":2}},"ao":0,"ip":0,"op":124,"st":0,"bm":0},{"ddd":0,"ind":2,"ty":4,"nm":"spark","parent":1,"sr":1,"ks":{"o":{"a":0,"k":100,"ix":11},"r":{"a":1,"k":[{"i":{"x":[0.091],"y":[1]},"o":{"x":[0.075],"y":[0]},"t":0,"s":[0]},{"t":117,"s":[360]}],"ix":10},"p":{"a":1,"k":[{"i":{"x":0.833,"y":0.833},"o":{"x":0.167,"y":0.167},"t":0,"s":[5.352,101.443,0],"to":[-66.269,-44.993,0],"ti":[-88.112,-42.336,0]},{"i":{"x":0.833,"y":0.833},"o":{"x":0.167,"y":0.167},"t":56.992,"s":[95.612,-17.664,0],"to":[88.112,42.336,0],"ti":[108.259,72.956,0]},{"t":105.30078125,"s":[5.352,101.443,0]}],"ix":2,"l":2},"a":{"a":0,"k":[4.341,4.338,0],"ix":1,"l":2},"s":{"a":1,"k":[{"i":{"x":[0.833,0.833,0.833],"y":[0.833,0.833,0.833]},"o":{"x":[0.167,0.167,0.167],"y":[0.167,0.167,0.167]},"t":0,"s":[1851.852,1851.852,100]},{"i":{"x":[0.833,0.833,0.833],"y":[0.833,0.833,0.833]},"o":{"x":[0.167,0.167,0.167],"y":[0.167,0.167,0.167]},"t":43.037,"s":[862.963,862.963,100]},{"i":{"x":[0.833,0.833,0.833],"y":[0.833,0.833,0.833]},"o":{"x":[0.167,0.167,0.167],"y":[0.167,0.167,0.167]},"t":70.947,"s":[862.963,862.963,100]},{"t":105.30078125,"s":[1851.852,1851.852,100]}],"ix":6,"l":2}},"ao":0,"shapes":[{"ty":"gr","it":[{"ind":0,"ty":"sh","ix":1,"ks":{"a":0,"k":{"i":[[0.117,0],[0.182,-0.437],[0,0],[0.096,-0.04],[0,0],[0,-0.133],[-0.431,-0.184],[0,0],[0,0],[-0.046,-0.099],[0,0],[0,0],[-0.132,0],[-0.186,0.43],[0,0],[0,0],[-0.096,0.04],[0,0],[0,0],[0,0.136],[0.423,0.19],[0,0],[0,0],[0,0],[0.041,0.096],[0,0]],"o":[[-0.122,0],[0,0],[-0.048,0.106],[0,0],[-0.429,0.182],[0,0.125],[0,0],[0,0],[0.096,0.042],[0,0],[0,0],[0.19,0.413],[0.12,0],[0,0],[0,0],[0.048,-0.109],[0,0],[0,0],[0.419,-0.187],[0,-0.129],[0,0],[0,0],[0,0],[-0.104,-0.043],[0,0],[-0.185,-0.435]],"v":[[0.007,-4.089],[-0.711,-3.611],[-1.509,-1.758],[-1.734,-1.533],[-3.617,-0.729],[-4.091,-0.014],[-3.62,0.702],[-1.813,1.493],[-1.813,1.493],[-1.594,1.71],[-0.72,3.63],[-0.719,3.633],[-0.007,4.089],[0.709,3.622],[0.71,3.62],[1.524,1.723],[1.748,1.497],[3.622,0.697],[3.626,0.695],[4.091,-0.018],[3.626,-0.736],[3.622,-0.736],[1.75,-1.536],[1.748,-1.536],[1.526,-1.753],[0.725,-3.615]],"c":true},"ix":2},"nm":"Path 1","mn":"ADBE Vector Shape - Group","hd":false},{"ty":"fl","c":{"a":0,"k":[0.525490196078,0.588235294118,0.627450980392,1],"ix":4},"o":{"a":0,"k":100,"ix":5},"r":1,"bm":0,"nm":"Fill 1","mn":"ADBE Vector Graphic - Fill","hd":false},{"ty":"tr","p":{"a":0,"k":[4.341,4.338],"ix":2},"a":{"a":0,"k":[0,0],"ix":1},"s":{"a":0,"k":[100,100],"ix":3},"r":{"a":0,"k":0,"ix":6},"o":{"a":0,"k":100,"ix":7},"sk":{"a":0,"k":0,"ix":4},"sa":{"a":0,"k":0,"ix":5},"nm":"Transform"}],"nm":"Group 1","np":2,"cix":2,"bm":0,"ix":1,"mn":"ADBE Vector Group","hd":false}],"ip":0,"op":124,"st":0,"ct":1,"bm":0},{"ddd":0,"ind":3,"ty":4,"nm":"circle","parent":1,"sr":1,"ks":{"o":{"a":0,"k":100,"ix":11},"r":{"a":0,"k":0,"ix":10},"p":{"a":1,"k":[{"i":{"x":0.833,"y":0.833},"o":{"x":0.167,"y":0.167},"t":0,"s":[48.183,-20.97,0],"to":[69.85,-10.183,0],"ti":[106.868,-67.466,0]},{"i":{"x":0.833,"y":0.833},"o":{"x":0.167,"y":0.167},"t":56.289,"s":[80.154,123.159,0],"to":[-133.99,15.5,0],"ti":[-84.341,6.248,0]},{"t":104,"s":[48.183,-20.97,0]}],"ix":2,"l":2},"a":{"a":0,"k":[1.85,1.849,0],"ix":1,"l":2},"s":{"a":1,"k":[{"i":{"x":[0.833,0.833,0.833],"y":[0.833,0.833,0.833]},"o":{"x":[0.167,0.167,0.167],"y":[0.167,0.167,0.167]},"t":0,"s":[1851.852,1851.852,100]},{"i":{"x":[0.833,0.833,0.833],"y":[0.833,0.833,0.833]},"o":{"x":[0.167,0.167,0.167],"y":[0.167,0.167,0.167]},"t":42.506,"s":[1851.852,1851.852,100]},{"i":{"x":[0.833,0.833,0.833],"y":[0.833,0.833,0.833]},"o":{"x":[0.167,0.167,0.167],"y":[0.167,0.167,0.167]},"t":70.072,"s":[4507.407,4507.407,100]},{"t":104,"s":[1851.852,1851.852,100]}],"ix":6,"l":2}},"ao":0,"shapes":[{"ty":"gr","it":[{"ind":0,"ty":"sh","ix":1,"ks":{"a":0,"k":{"i":[[-0.884,0],[0,0.883],[0.884,0],[0,-0.883]],"o":[[0.884,0],[0,-0.883],[-0.884,0],[0,0.883]],"v":[[0,1.599],[1.6,0],[0,-1.599],[-1.6,0]],"c":true},"ix":2},"nm":"Path 1","mn":"ADBE Vector Shape - Group","hd":false},{"ty":"fl","c":{"a":0,"k":[0.525490196078,0.588235294118,0.627450980392,1],"ix":4},"o":{"a":0,"k":100,"ix":5},"r":1,"bm":0,"nm":"Fill 1","mn":"ADBE Vector Graphic - Fill","hd":false},{"ty":"tr","p":{"a":0,"k":[1.85,1.849],"ix":2},"a":{"a":0,"k":[0,0],"ix":1},"s":{"a":0,"k":[100,100],"ix":3},"r":{"a":0,"k":0,"ix":6},"o":{"a":0,"k":100,"ix":7},"sk":{"a":0,"k":0,"ix":4},"sa":{"a":0,"k":0,"ix":5},"nm":"Transform"}],"nm":"Group 1","np":2,"cix":2,"bm":0,"ix":1,"mn":"ADBE Vector Group","hd":false}],"ip":0,"op":124,"st":0,"ct":1,"bm":0},{"ddd":0,"ind":4,"ty":4,"nm":"triangle","parent":1,"sr":1,"ks":{"o":{"a":0,"k":100,"ix":11},"r":{"a":0,"k":0,"ix":10},"p":{"a":1,"k":[{"i":{"x":0.833,"y":0.833},"o":{"x":0.167,"y":0.167},"t":0,"s":[128.616,21.327,0],"to":[37.991,53.202,0],"ti":[66.386,73.86,0]},{"i":{"x":0.833,"y":0.833},"o":{"x":0.167,"y":0.167},"t":35.613,"s":[-3.12,98.04,0],"to":[-66.386,-73.86,0],"ti":[-67.366,-118.202,0]},{"t":104,"s":[128.616,21.327,0]}],"ix":2,"l":2},"a":{"a":0,"k":[2.239,2.069,0],"ix":1,"l":2},"s":{"a":1,"k":[{"i":{"x":[0.833,0.833,0.833],"y":[0.833,0.833,0.833]},"o":{"x":[0.167,0.167,0.167],"y":[0.167,0.167,0.167]},"t":0,"s":[1851.852,1851.852,100]},{"i":{"x":[0.833,0.833,0.833],"y":[0.833,0.833,0.833]},"o":{"x":[0.167,0.167,0.167],"y":[0.167,0.167,0.167]},"t":35.613,"s":[2984.691,2984.691,100]},{"i":{"x":[0.833,0.833,0.833],"y":[0.833,0.833,0.833]},"o":{"x":[0.167,0.167,0.167],"y":[0.167,0.167,0.167]},"t":70.072,"s":[1737.037,1737.037,100]},{"t":104,"s":[1851.852,1851.852,100]}],"ix":6,"l":2}},"ao":0,"shapes":[{"ty":"gr","it":[{"ind":0,"ty":"sh","ix":1,"ks":{"a":0,"k":{"i":[[0.088,0.188],[0.233,0.408],[0.265,0.384],[0.2,0.001],[0.118,-0.171],[0.232,-0.405],[0.198,-0.427],[-0.101,-0.173],[-0.207,-0.017],[-0.464,0.002],[-0.462,0.038],[-0.101,0.173]],"o":[[-0.199,-0.427],[-0.233,-0.405],[-0.118,-0.171],[-0.2,0.001],[-0.265,0.384],[-0.234,0.408],[-0.088,0.188],[0.1,0.173],[0.463,0.038],[0.465,0.002],[0.208,-0.017],[0.101,-0.173]],"v":[[1.902,0.896],[1.251,-0.361],[0.501,-1.549],[-0.001,-1.82],[-0.501,-1.549],[-1.251,-0.361],[-1.902,0.896],[-1.882,1.465],[-1.398,1.764],[-0.001,1.818],[1.396,1.764],[1.882,1.465]],"c":true},"ix":2},"nm":"Path 1","mn":"ADBE Vector Shape - Group","hd":false},{"ty":"fl","c":{"a":0,"k":[0.525490196078,0.588235294118,0.627450980392,1],"ix":4},"o":{"a":0,"k":100,"ix":5},"r":1,"bm":0,"nm":"Fill 1","mn":"ADBE Vector Graphic - Fill","hd":false},{"ty":"tr","p":{"a":0,"k":[2.239,2.07],"ix":2},"a":{"a":0,"k":[0,0],"ix":1},"s":{"a":0,"k":[100,100],"ix":3},"r":{"a":0,"k":0,"ix":6},"o":{"a":0,"k":100,"ix":7},"sk":{"a":0,"k":0,"ix":4},"sa":{"a":0,"k":0,"ix":5},"nm":"Transform"}],"nm":"Group 1","np":2,"cix":2,"bm":0,"ix":1,"mn":"ADBE Vector Group","hd":false}],"ip":0,"op":124,"st":0,"ct":1,"bm":0}],"markers":[],"props":{}}