{"v":"5.11.0","fr":60,"ip":0,"op":241,"w":160,"h":160,"nm":"wds_anim_Chat_Lock_Simple-NoIcons","ddd":0,"assets":[{"id":"comp_0","nm":"ChatLockSimple-No Icons","fr":60,"layers":[{"ddd":0,"ind":1,"ty":4,"nm":"MASK","td":1,"sr":1,"ks":{"p":{"a":0,"k":[593.039,612.743,0],"ix":2,"l":2},"a":{"a":0,"k":[126.208,42.549,0],"ix":1,"l":2},"s":{"a":0,"k":[2484,2484,100],"ix":6,"l":2}},"ao":0,"shapes":[{"ty":"gr","it":[{"ind":0,"ty":"sh","ix":1,"ks":{"a":0,"k":{"i":[[-2.623,0],[0,2.623],[2.624,0],[0,-2.623]],"o":[[2.624,0],[0,-2.623],[-2.623,0],[0,2.623]],"v":[[0,4.75],[4.75,0],[0,-4.75],[-4.75,0]],"c":true},"ix":2},"nm":"Path 1","mn":"ADBE Vector Shape - Group","hd":false},{"ty":"st","c":{"a":0,"k":[0.066666666667,0.105882360421,0.129411764706,1],"ix":3},"o":{"a":0,"k":100,"ix":4},"w":{"a":0,"k":0,"ix":5},"lc":1,"lj":1,"ml":4,"bm":0,"nm":"Stroke 1","mn":"ADBE Vector Graphic - Stroke","hd":false},{"ty":"fl","c":{"a":0,"k":[0.145098045468,0.827451050282,0.400000035763,1],"ix":4},"o":{"a":0,"k":100,"ix":5},"r":1,"bm":0,"nm":"Fill 1","mn":"ADBE Vector Graphic - Fill","hd":false},{"ty":"tr","p":{"a":0,"k":[126.208,42.549],"ix":2},"a":{"a":0,"k":[0,0],"ix":1},"s":{"a":0,"k":[100,100],"ix":3},"r":{"a":0,"k":0,"ix":6},"o":{"a":0,"k":100,"ix":7},"sk":{"a":0,"k":0,"ix":4},"sa":{"a":0,"k":0,"ix":5},"nm":"Transform"}],"nm":"Group 1","np":3,"cix":2,"bm":0,"ix":1,"mn":"ADBE Vector Group","hd":false}],"ip":-70,"op":606,"st":-53,"ct":1,"bm":0},{"ddd":0,"ind":2,"ty":4,"nm":"LOCK 2","tt":1,"tp":1,"sr":1,"ks":{"p":{"a":0,"k":[594.668,608.087,0],"ix":2,"l":2},"a":{"a":0,"k":[978.3,609.254,0],"ix":1,"l":2}},"ao":0,"shapes":[{"ty":"gr","it":[{"ty":"gr","it":[{"ind":0,"ty":"sh","ix":1,"ks":{"a":0,"k":{"i":[[0,0],[0,0]],"o":[[0,0],[0,0]],"v":[[106.973,118.681],[118.633,118.681]],"c":false},"ix":2},"nm":"Path 1","mn":"ADBE Vector Shape - Group","hd":false},{"ind":1,"ty":"sh","ix":2,"ks":{"a":0,"k":{"i":[[0,0],[0,0]],"o":[[0,0],[0,0]],"v":[[106.973,113.997],[123.065,113.997]],"c":false},"ix":2},"nm":"Path 2","mn":"ADBE Vector Shape - Group","hd":false},{"ty":"mm","mm":1,"nm":"Merge Paths 1","mn":"ADBE Vector Filter - Merge","hd":false},{"ty":"st","c":{"a":0,"k":[0.066666670144,0.105882361531,0.129411771894,1],"ix":3},"o":{"a":0,"k":100,"ix":4},"w":{"a":0,"k":1.5,"ix":5},"lc":2,"lj":2,"bm":0,"nm":"Stroke 1","mn":"ADBE Vector Graphic - Stroke","hd":false},{"ty":"tr","p":{"a":0,"k":[0,0],"ix":2},"a":{"a":0,"k":[0,0],"ix":1},"s":{"a":0,"k":[100,100],"ix":3},"r":{"a":0,"k":0,"ix":6},"o":{"a":0,"k":100,"ix":7},"sk":{"a":0,"k":0,"ix":4},"sa":{"a":0,"k":0,"ix":5},"nm":"Transform"}],"nm":"Group 1","np":4,"cix":2,"bm":0,"ix":1,"mn":"ADBE Vector Group","hd":false},{"ty":"gr","it":[{"ind":0,"ty":"sh","ix":1,"ks":{"a":0,"k":{"i":[[0,0],[0,-2.113],[0,0],[-2.136,0],[0,0],[0,0],[-0.967,0.574],[0,0],[0,0],[0,0],[0,0],[0,2.112],[0,0],[2.136,0]],"o":[[-2.136,0],[0,0],[0,2.112],[0,0],[0,0],[0,1.115],[0,0],[0,0],[0,0],[0,0],[2.136,0],[0,0],[0,-2.113],[0,0]],"v":[[-9.916,-12.284],[-13.784,-8.458],[-13.784,4.126],[-9.916,7.95],[-7.969,7.95],[-7.969,10.49],[-5.749,11.71],[-0.716,7.952],[6.51,7.952],[6.51,7.95],[9.916,7.95],[13.784,4.126],[13.784,-8.458],[9.916,-12.284]],"c":true},"ix":2},"nm":"Path 1","mn":"ADBE Vector Shape - Group","hd":false},{"ty":"st","c":{"a":0,"k":[0.066666670144,0.105882361531,0.129411771894,1],"ix":3},"o":{"a":0,"k":100,"ix":4},"w":{"a":0,"k":1.5,"ix":5},"lc":2,"lj":2,"bm":0,"nm":"Stroke 1","mn":"ADBE Vector Graphic - Stroke","hd":false},{"ty":"fl","c":{"a":0,"k":[0.145098045468,0.827451050282,0.400000035763,1],"ix":4},"o":{"a":0,"k":100,"ix":5},"r":1,"bm":0,"nm":"Fill 1","mn":"ADBE Vector Graphic - Fill","hd":false},{"ty":"tr","p":{"a":0,"k":[114.902,118.855],"ix":2},"a":{"a":0,"k":[0,0],"ix":1},"s":{"a":0,"k":[100,100],"ix":3},"r":{"a":0,"k":0,"ix":6},"o":{"a":0,"k":100,"ix":7},"sk":{"a":0,"k":0,"ix":4},"sa":{"a":0,"k":0,"ix":5},"nm":"Transform"}],"nm":"Group 2","np":3,"cix":2,"bm":0,"ix":2,"mn":"ADBE Vector Group","hd":false},{"ty":"tr","p":{"a":0,"k":[978.3,630.797],"ix":2},"a":{"a":0,"k":[114.902,118.672],"ix":1},"s":{"a":0,"k":[475,475],"ix":3},"r":{"a":0,"k":0,"ix":6},"o":{"a":0,"k":100,"ix":7},"sk":{"a":0,"k":0,"ix":4},"sa":{"a":0,"k":0,"ix":5},"nm":"Transform"}],"nm":"Lock_1","np":2,"cix":2,"bm":0,"ix":1,"mn":"ADBE Vector Group","hd":false},{"ty":"gr","it":[{"ty":"gr","it":[{"ind":0,"ty":"sh","ix":1,"ks":{"a":1,"k":[{"i":{"x":0.833,"y":0.833},"o":{"x":0.167,"y":0.167},"t":204,"s":[{"i":[[0,0],[0,0],[-3.887,0.1],[0,-3.969],[0,0]],"o":[[0,0],[0,-3.969],[3.664,-0.094],[0,0],[0,0]],"v":[[2.39,4.536],[2.39,2.65],[9.501,-4.642],[16.709,2.65],[16.709,2.571]],"c":false}]},{"i":{"x":0.833,"y":0.833},"o":{"x":0.167,"y":0.167},"t":216,"s":[{"i":[[0,0],[0,0],[3.888,0],[0,-3.969],[0,0]],"o":[[0,0],[0,-3.969],[-3.889,0],[0,0],[0,0]],"v":[[7.04,4.536],[7.04,2.65],[0,-4.536],[-7.041,2.65],[-7.041,2.536]],"c":false}]},{"i":{"x":0.833,"y":0.833},"o":{"x":0.167,"y":0.167},"t":225,"s":[{"i":[[0,0],[0,0],[3.888,0],[0,-3.969],[0,0]],"o":[[0,0],[0,-3.969],[-3.889,0],[0,0],[0,0]],"v":[[7.04,4.536],[7.04,4.401],[0,-2.785],[-7.041,4.401],[-7.041,4.536]],"c":false}]},{"i":{"x":0.833,"y":0.833},"o":{"x":0.167,"y":0.167},"t":231,"s":[{"i":[[0,0],[0,0],[3.888,0],[0,-3.969],[0,0]],"o":[[0,0],[0,-3.969],[-3.889,0],[0,0],[0,0]],"v":[[7.04,4.536],[7.04,4.401],[0,-2.785],[-7.041,4.401],[-7.041,4.536]],"c":false}]},{"t":237,"s":[{"i":[[0,0],[0,0],[3.888,0],[0,-3.969],[0,0]],"o":[[0,0],[0,-3.969],[-3.889,0],[0,0],[0,0]],"v":[[7.04,4.536],[7.04,2.65],[0,-4.536],[-7.041,2.65],[-7.041,4.536]],"c":false}]}],"ix":2},"nm":"Path 1","mn":"ADBE Vector Shape - Group","hd":false},{"ty":"st","c":{"a":0,"k":[0.066666670144,0.105882361531,0.129411771894,1],"ix":3},"o":{"a":0,"k":100,"ix":4},"w":{"a":0,"k":1.5,"ix":5},"lc":2,"lj":2,"bm":0,"nm":"Stroke 1","mn":"ADBE Vector Graphic - Stroke","hd":false},{"ty":"tr","p":{"a":0,"k":[114.835,102.036],"ix":2},"a":{"a":0,"k":[0,0],"ix":1},"s":{"a":0,"k":[100,100],"ix":3},"r":{"a":0,"k":0,"ix":6},"o":{"a":0,"k":100,"ix":7},"sk":{"a":0,"k":0,"ix":4},"sa":{"a":0,"k":0,"ix":5},"nm":"Transform"}],"nm":"Group 1","np":2,"cix":2,"bm":0,"ix":1,"mn":"ADBE Vector Group","hd":false},{"ty":"tr","p":{"a":0,"k":[977.984,551.775],"ix":2},"a":{"a":0,"k":[114.835,102.036],"ix":1},"s":{"a":0,"k":[475,475],"ix":3},"r":{"a":0,"k":0,"ix":6},"o":{"a":0,"k":100,"ix":7},"sk":{"a":0,"k":0,"ix":4},"sa":{"a":0,"k":0,"ix":5},"nm":"Transform"}],"nm":"Lock_2","np":1,"cix":2,"bm":0,"ix":2,"mn":"ADBE Vector Group","hd":false}],"ip":-53,"op":738,"st":-104,"ct":1,"bm":0},{"ddd":0,"ind":3,"ty":4,"nm":"Small Circle_fill","sr":1,"ks":{"p":{"a":0,"k":[593.039,612.743,0],"ix":2,"l":2},"a":{"a":0,"k":[126.208,42.549,0],"ix":1,"l":2},"s":{"a":0,"k":[2484,2484,100],"ix":6,"l":2}},"ao":0,"shapes":[{"ty":"gr","it":[{"ind":0,"ty":"sh","ix":1,"ks":{"a":0,"k":{"i":[[-2.623,0],[0,2.623],[2.624,0],[0,-2.623]],"o":[[2.624,0],[0,-2.623],[-2.623,0],[0,2.623]],"v":[[0,4.75],[4.75,0],[0,-4.75],[-4.75,0]],"c":true},"ix":2},"nm":"Path 1","mn":"ADBE Vector Shape - Group","hd":false},{"ty":"st","c":{"a":0,"k":[0.066666666667,0.105882360421,0.129411764706,1],"ix":3},"o":{"a":0,"k":100,"ix":4},"w":{"a":0,"k":0,"ix":5},"lc":1,"lj":1,"ml":4,"bm":0,"nm":"Stroke 1","mn":"ADBE Vector Graphic - Stroke","hd":false},{"ty":"fl","c":{"a":0,"k":[0.145098045468,0.827451050282,0.400000035763,1],"ix":4},"o":{"a":0,"k":100,"ix":5},"r":1,"bm":0,"nm":"Fill 1","mn":"ADBE Vector Graphic - Fill","hd":false},{"ty":"tr","p":{"a":0,"k":[126.208,42.549],"ix":2},"a":{"a":0,"k":[0,0],"ix":1},"s":{"a":0,"k":[100,100],"ix":3},"r":{"a":0,"k":0,"ix":6},"o":{"a":0,"k":100,"ix":7},"sk":{"a":0,"k":0,"ix":4},"sa":{"a":0,"k":0,"ix":5},"nm":"Transform"}],"nm":"Group 1","np":3,"cix":2,"bm":0,"ix":1,"mn":"ADBE Vector Group","hd":false},{"ty":"st","c":{"a":0,"k":[0.066666670144,0.105882361531,0.129411771894,1],"ix":3},"o":{"a":0,"k":100,"ix":4},"w":{"a":0,"k":0.6,"ix":5},"lc":1,"lj":1,"ml":4,"bm":0,"nm":"Stroke 1","mn":"ADBE Vector Graphic - Stroke","hd":false}],"ip":-70,"op":609,"st":-53,"ct":1,"bm":0},{"ddd":0,"ind":4,"ty":4,"nm":"Stroke","sr":1,"ks":{"p":{"a":0,"k":[396.505,402,0],"ix":2,"l":2},"a":{"a":0,"k":[396.505,402,0],"ix":1,"l":2}},"ao":0,"shapes":[{"ty":"gr","it":[{"ty":"gr","it":[{"ind":0,"ty":"sh","ix":1,"ks":{"a":0,"k":{"i":[[-32.533,0],[0,-32.533],[32.533,0],[0,32.533]],"o":[[32.533,0],[0,32.533],[-32.533,0],[0,-32.533]],"v":[[0,-59],[59,0],[0,59],[-59,0]],"c":true},"ix":2},"nm":"Path 2","mn":"ADBE Vector Shape - Group","hd":false},{"ty":"mm","mm":1,"nm":"Merge Paths 1","mn":"ADBE Vector Filter - Merge","hd":false},{"ty":"tr","p":{"a":0,"k":[79.301,80],"ix":2},"a":{"a":0,"k":[0,0],"ix":1},"s":{"a":0,"k":[100,100],"ix":3},"r":{"a":0,"k":0,"ix":6},"o":{"a":0,"k":100,"ix":7},"sk":{"a":0,"k":0,"ix":4},"sa":{"a":0,"k":0,"ix":5},"nm":"Transform"}],"nm":"Group 1","np":2,"cix":2,"bm":0,"ix":1,"mn":"ADBE Vector Group","hd":false},{"ty":"st","c":{"a":0,"k":[0.066666670144,0.105882361531,0.129411771894,1],"ix":3},"o":{"a":0,"k":100,"ix":4},"w":{"a":0,"k":1.6,"ix":5},"lc":1,"lj":1,"ml":4,"bm":0,"nm":"Stroke 1","mn":"ADBE Vector Graphic - Stroke","hd":false},{"ty":"tr","p":{"a":0,"k":[400,402],"ix":2},"a":{"a":0,"k":[80,80],"ix":1},"s":{"a":0,"k":[500,500],"ix":3},"r":{"a":0,"k":0,"ix":6},"o":{"a":0,"k":100,"ix":7},"sk":{"a":0,"k":0,"ix":4},"sa":{"a":0,"k":0,"ix":5},"nm":"Transform"}],"nm":"Circle Top","np":2,"cix":2,"bm":0,"ix":3,"mn":"ADBE Vector Group","hd":false}],"ip":-54,"op":621,"st":0,"ct":1,"bm":0},{"ddd":0,"ind":5,"ty":4,"nm":"Rectangle","parent":7,"sr":1,"ks":{"o":{"a":1,"k":[{"i":{"x":[0.833],"y":[0.833]},"o":{"x":[0.167],"y":[0.167]},"t":94,"s":[100]},{"t":101,"s":[0]}],"ix":11},"p":{"a":0,"k":[79.301,57.166,0],"ix":2,"l":2},"a":{"a":0,"k":[79.301,57.687,0],"ix":1,"l":2},"s":{"a":1,"k":[{"i":{"x":[0.579,0.579,0.579],"y":[-2.083,3.467,1]},"o":{"x":[0.233,0.233,0.233],"y":[0,0,0]},"t":56,"s":[100,100,100]},{"i":{"x":[0.63,0.63,0.63],"y":[1,1,1]},"o":{"x":[0.288,0.288,0.288],"y":[1.182,0.945,0]},"t":61,"s":[100,95,100]},{"i":{"x":[0.842,0.842,0.842],"y":[1,1,1]},"o":{"x":[0.365,0.365,0.365],"y":[0,0,0]},"t":75,"s":[105,120,100]},{"t":80,"s":[100,100,100]}],"ix":6,"l":2}},"ao":0,"shapes":[{"ty":"gr","it":[{"ind":0,"ty":"sh","ix":1,"ks":{"a":0,"k":{"i":[[0.552,0],[0,0],[0,0.552],[0,0],[-0.552,0],[0,0],[0,-0.552],[0,0]],"o":[[0,0],[-0.552,0],[0,0],[0,-0.552],[0,0],[0.552,0],[0,0],[0,0.552]],"v":[[16.5,4],[-16.5,4],[-17.5,3],[-17.5,-3],[-16.5,-4],[16.5,-4],[17.5,-3],[17.5,3]],"c":true},"ix":2},"nm":"Path 1","mn":"ADBE Vector Shape - Group","hd":false},{"ty":"fl","c":{"a":1,"k":[{"i":{"x":[0.667],"y":[1]},"o":{"x":[1],"y":[0]},"t":61,"s":[0.690196078431,0.913725550034,0.400000029919,1]},{"t":77,"s":[0.145098045468,0.827451050282,0.400000035763,1]}],"ix":4},"o":{"a":0,"k":100,"ix":5},"r":1,"bm":0,"nm":"Fill 1","mn":"ADBE Vector Graphic - Fill","hd":false},{"ty":"tr","p":{"a":0,"k":[79.301,57.687],"ix":2},"a":{"a":0,"k":[0,0],"ix":1},"s":{"a":0,"k":[100,100],"ix":3},"r":{"a":0,"k":0,"ix":6},"o":{"a":0,"k":100,"ix":7},"sk":{"a":0,"k":0,"ix":4},"sa":{"a":0,"k":0,"ix":5},"nm":"Transform"}],"nm":"Group 1","np":2,"cix":2,"bm":0,"ix":1,"mn":"ADBE Vector Group","hd":false}],"ip":-26,"op":113,"st":29,"ct":1,"bm":0},{"ddd":0,"ind":6,"ty":3,"nm":"Null 1","sr":1,"ks":{"o":{"a":0,"k":0,"ix":11},"p":{"a":0,"k":[404,400,0],"ix":2,"l":2},"a":{"a":0,"k":[50,50,0],"ix":1,"l":2}},"ao":0,"ip":0,"op":630,"st":0,"bm":0},{"ddd":0,"ind":7,"ty":4,"nm":"LEAD Rectangle","parent":6,"sr":1,"ks":{"p":{"a":1,"k":[{"i":{"x":0.667,"y":1},"o":{"x":1,"y":0},"t":97,"s":[50,213.424,0],"to":[0,0,0],"ti":[0,0,0]},{"t":131,"s":[50,111.424,0],"h":1},{"i":{"x":0.667,"y":1},"o":{"x":0.333,"y":0},"t":151,"s":[50,111.424,0],"to":[0,0,0],"ti":[0,0,0]},{"i":{"x":0.667,"y":1},"o":{"x":0.167,"y":0},"t":164,"s":[50,129.424,0],"to":[0,0,0],"ti":[0,0,0]},{"t":182,"s":[50,117.424,0]}],"ix":2,"l":2},"a":{"a":0,"k":[80,80,0],"ix":1,"l":2},"s":{"a":0,"k":[768,768,100],"ix":6,"l":2}},"ao":0,"shapes":[{"ty":"gr","it":[{"ind":0,"ty":"sh","ix":1,"ks":{"a":0,"k":{"i":[[0.552,0],[0,0],[0,0.552],[0,0],[-0.552,0],[0,0],[0,-0.552],[0,0]],"o":[[0,0],[-0.552,0],[0,0],[0,-0.552],[0,0],[0.552,0],[0,0],[0,0.552]],"v":[[16.5,4],[-16.5,4],[-17.5,3],[-17.5,-3],[-16.5,-4],[16.5,-4],[17.5,-3],[17.5,3]],"c":true},"ix":2},"nm":"Path 1","mn":"ADBE Vector Shape - Group","hd":false},{"ty":"fl","c":{"a":0,"k":[0.690196078431,0.913725550034,0.400000029919,1],"ix":4},"o":{"a":0,"k":100,"ix":5},"r":1,"bm":0,"nm":"Fill 1","mn":"ADBE Vector Graphic - Fill","hd":false},{"ty":"tr","p":{"a":0,"k":[79.301,69.624],"ix":2},"a":{"a":0,"k":[0,0],"ix":1},"s":{"a":0,"k":[100,100],"ix":3},"r":{"a":0,"k":0,"ix":6},"o":{"a":0,"k":100,"ix":7},"sk":{"a":0,"k":0,"ix":4},"sa":{"a":0,"k":0,"ix":5},"nm":"Transform"}],"nm":"Group 1","np":2,"cix":2,"bm":0,"ix":1,"mn":"ADBE Vector Group","hd":false}],"ip":-26,"op":659,"st":29,"ct":1,"bm":0},{"ddd":0,"ind":8,"ty":4,"nm":"Rectangle","parent":7,"sr":1,"ks":{"p":{"a":0,"k":[80,80,0],"ix":2,"l":2},"a":{"a":0,"k":[80,80,0],"ix":1,"l":2}},"ao":0,"shapes":[{"ty":"gr","it":[{"ind":0,"ty":"sh","ix":1,"ks":{"a":0,"k":{"i":[[0.552,0],[0,0],[0,0.552],[0,0],[-0.552,0],[0,0],[0,-0.552],[0,0]],"o":[[0,0],[-0.552,0],[0,0],[0,-0.552],[0,0],[0.552,0],[0,0],[0,0.552]],"v":[[16.5,4],[-16.5,4],[-17.5,3],[-17.5,-3],[-16.5,-4],[16.5,-4],[17.5,-3],[17.5,3]],"c":true},"ix":2},"nm":"Path 1","mn":"ADBE Vector Shape - Group","hd":false},{"ty":"fl","c":{"a":0,"k":[0.690196078431,0.913725550034,0.400000029919,1],"ix":4},"o":{"a":0,"k":100,"ix":5},"r":1,"bm":0,"nm":"Fill 1","mn":"ADBE Vector Graphic - Fill","hd":false},{"ty":"tr","p":{"a":0,"k":[79.301,81.563],"ix":2},"a":{"a":0,"k":[0,0],"ix":1},"s":{"a":0,"k":[100,100],"ix":3},"r":{"a":0,"k":0,"ix":6},"o":{"a":0,"k":100,"ix":7},"sk":{"a":0,"k":0,"ix":4},"sa":{"a":0,"k":0,"ix":5},"nm":"Transform"}],"nm":"Group 1","np":2,"cix":2,"bm":0,"ix":1,"mn":"ADBE Vector Group","hd":false}],"ip":-26,"op":659,"st":29,"ct":1,"bm":0},{"ddd":0,"ind":9,"ty":4,"nm":"MASK","td":1,"sr":1,"ks":{"p":{"a":0,"k":[400,400,0],"ix":2,"l":2},"a":{"a":0,"k":[80,80,0],"ix":1,"l":2},"s":{"a":0,"k":[500,500,100],"ix":6,"l":2}},"ao":0,"shapes":[{"ty":"gr","it":[{"ind":0,"ty":"sh","ix":1,"ks":{"a":0,"k":{"i":[[33.137,0],[0,-33.137],[-33.137,0],[0,33.137]],"o":[[-33.137,0],[0,33.137],[33.137,0],[0,-33.137]],"v":[[0,-60],[-60,0],[0,60],[60,0]],"c":true},"ix":2},"nm":"Path 1","mn":"ADBE Vector Shape - Group","hd":false},{"ind":1,"ty":"sh","ix":2,"ks":{"a":0,"k":{"i":[[-32.257,0],[0,-32.257],[32.257,0],[0,32.257]],"o":[[32.257,0],[0,32.257],[-32.257,0],[0,-32.257]],"v":[[0,-58.5],[58.5,0],[0,58.5],[-58.5,0]],"c":true},"ix":2},"nm":"Path 2","mn":"ADBE Vector Shape - Group","hd":false},{"ty":"mm","mm":1,"nm":"Merge Paths 1","mn":"ADBE Vector Filter - Merge","hd":false},{"ty":"fl","c":{"a":0,"k":[0.066666666667,0.105882360421,0.129411764706,1],"ix":4},"o":{"a":0,"k":100,"ix":5},"r":1,"bm":0,"nm":"Fill 1","mn":"ADBE Vector Graphic - Fill","hd":false},{"ty":"tr","p":{"a":0,"k":[79.301,80],"ix":2},"a":{"a":0,"k":[0,0],"ix":1},"s":{"a":0,"k":[100,100],"ix":3},"r":{"a":0,"k":0,"ix":6},"o":{"a":0,"k":100,"ix":7},"sk":{"a":0,"k":0,"ix":4},"sa":{"a":0,"k":0,"ix":5},"nm":"Transform"}],"nm":"Group 1","np":4,"cix":2,"bm":0,"ix":1,"mn":"ADBE Vector Group","hd":false},{"ty":"gr","it":[{"ind":0,"ty":"sh","ix":1,"ks":{"a":0,"k":{"i":[[32.671,0],[0,32.671],[-32.67,0],[0,-32.67]],"o":[[-32.67,0],[0,-32.67],[32.671,0],[0,32.671]],"v":[[0,59.25],[-59.25,0],[0,-59.25],[59.25,0]],"c":true},"ix":2},"nm":"Path 1","mn":"ADBE Vector Shape - Group","hd":false},{"ty":"fl","c":{"a":0,"k":[0.901960844152,1,0.854902020623,1],"ix":4},"o":{"a":0,"k":100,"ix":5},"r":1,"bm":0,"nm":"Fill 1","mn":"ADBE Vector Graphic - Fill","hd":false},{"ty":"tr","p":{"a":0,"k":[79.301,80],"ix":2},"a":{"a":0,"k":[0,0],"ix":1},"s":{"a":0,"k":[100,100],"ix":3},"r":{"a":0,"k":0,"ix":6},"o":{"a":0,"k":100,"ix":7},"sk":{"a":0,"k":0,"ix":4},"sa":{"a":0,"k":0,"ix":5},"nm":"Transform"}],"nm":"Group 2","np":2,"cix":2,"bm":0,"ix":2,"mn":"ADBE Vector Group","hd":false}],"ip":-16,"op":669,"st":39,"ct":1,"bm":0},{"ddd":0,"ind":10,"ty":4,"nm":"Rectangle","parent":7,"tt":1,"tp":9,"sr":1,"ks":{"p":{"a":0,"k":[79.952,93.501,0],"ix":2,"l":2},"a":{"a":0,"k":[79.301,93.501,0],"ix":1,"l":2}},"ao":0,"shapes":[{"ty":"gr","it":[{"ind":0,"ty":"sh","ix":1,"ks":{"a":0,"k":{"i":[[0.552,0],[0,0],[0,0.552],[0,0],[-0.552,0],[0,0],[0,-0.552],[0,0]],"o":[[0,0],[-0.552,0],[0,0],[0,-0.552],[0,0],[0.552,0],[0,0],[0,0.552]],"v":[[16.5,4],[-16.5,4],[-17.5,3],[-17.5,-3],[-16.5,-4],[16.5,-4],[17.5,-3],[17.5,3]],"c":true},"ix":2},"nm":"Path 1","mn":"ADBE Vector Shape - Group","hd":false},{"ty":"fl","c":{"a":0,"k":[0.690196078431,0.913725550034,0.400000029919,1],"ix":4},"o":{"a":0,"k":100,"ix":5},"r":1,"bm":0,"nm":"Fill 1","mn":"ADBE Vector Graphic - Fill","hd":false},{"ty":"tr","p":{"a":0,"k":[79.301,93.501],"ix":2},"a":{"a":0,"k":[0,0],"ix":1},"s":{"a":0,"k":[100,100],"ix":3},"r":{"a":0,"k":0,"ix":6},"o":{"a":0,"k":100,"ix":7},"sk":{"a":0,"k":0,"ix":4},"sa":{"a":0,"k":0,"ix":5},"nm":"Transform"}],"nm":"Group 1","np":2,"cix":2,"bm":0,"ix":1,"mn":"ADBE Vector Group","hd":false}],"ip":-26,"op":659,"st":29,"ct":1,"bm":0},{"ddd":0,"ind":11,"ty":4,"nm":"MASK","td":1,"sr":1,"ks":{"p":{"a":0,"k":[400,400,0],"ix":2,"l":2},"a":{"a":0,"k":[80,80,0],"ix":1,"l":2},"s":{"a":0,"k":[500,500,100],"ix":6,"l":2}},"ao":0,"shapes":[{"ty":"gr","it":[{"ind":0,"ty":"sh","ix":1,"ks":{"a":0,"k":{"i":[[32.671,0],[0,32.671],[-32.67,0],[0,-32.67]],"o":[[-32.67,0],[0,-32.67],[32.671,0],[0,32.671]],"v":[[0,59.25],[-59.25,0],[0,-59.25],[59.25,0]],"c":true},"ix":2},"nm":"Path 1","mn":"ADBE Vector Shape - Group","hd":false},{"ty":"fl","c":{"a":0,"k":[0.901960844152,1,0.854902020623,1],"ix":4},"o":{"a":0,"k":100,"ix":5},"r":1,"bm":0,"nm":"Fill 1","mn":"ADBE Vector Graphic - Fill","hd":false},{"ty":"tr","p":{"a":0,"k":[79.301,80],"ix":2},"a":{"a":0,"k":[0,0],"ix":1},"s":{"a":0,"k":[100,100],"ix":3},"r":{"a":0,"k":0,"ix":6},"o":{"a":0,"k":100,"ix":7},"sk":{"a":0,"k":0,"ix":4},"sa":{"a":0,"k":0,"ix":5},"nm":"Transform"}],"nm":"Group 2","np":2,"cix":2,"bm":0,"ix":1,"mn":"ADBE Vector Group","hd":false}],"ip":-16,"op":669,"st":39,"ct":1,"bm":0},{"ddd":0,"ind":12,"ty":4,"nm":"Rectangle","parent":7,"tt":1,"tp":11,"sr":1,"ks":{"p":{"a":0,"k":[79.301,105.439,0],"ix":2,"l":2},"a":{"a":0,"k":[79.301,105.439,0],"ix":1,"l":2}},"ao":0,"shapes":[{"ty":"gr","it":[{"ind":0,"ty":"sh","ix":1,"ks":{"a":0,"k":{"i":[[0.552,0],[0,0],[0,0.552],[0,0],[-0.552,0],[0,0],[0,-0.552],[0,0]],"o":[[0,0],[-0.552,0],[0,0],[0,-0.552],[0,0],[0.552,0],[0,0],[0,0.552]],"v":[[16.5,8.167],[-16.5,8.167],[-17.5,7.167],[-17.5,-3],[-16.5,-4],[16.5,-4],[17.5,-3],[17.5,7.167]],"c":true},"ix":2},"nm":"Path 1","mn":"ADBE Vector Shape - Group","hd":false},{"ty":"fl","c":{"a":0,"k":[0.690196078431,0.913725550034,0.400000029919,1],"ix":4},"o":{"a":0,"k":100,"ix":5},"r":1,"bm":0,"nm":"Fill 1","mn":"ADBE Vector Graphic - Fill","hd":false},{"ty":"tr","p":{"a":0,"k":[79.301,105.439],"ix":2},"a":{"a":0,"k":[0,0],"ix":1},"s":{"a":0,"k":[100,100],"ix":3},"r":{"a":0,"k":0,"ix":6},"o":{"a":0,"k":100,"ix":7},"sk":{"a":0,"k":0,"ix":4},"sa":{"a":0,"k":0,"ix":5},"nm":"Transform"}],"nm":"Group 1","np":2,"cix":2,"bm":0,"ix":1,"mn":"ADBE Vector Group","hd":false}],"ip":-26,"op":659,"st":29,"ct":1,"bm":0},{"ddd":0,"ind":13,"ty":4,"nm":"Square","parent":14,"sr":1,"ks":{"o":{"a":1,"k":[{"i":{"x":[0.667],"y":[1]},"o":{"x":[0.333],"y":[0]},"t":165,"s":[0]},{"i":{"x":[0.667],"y":[1]},"o":{"x":[0.333],"y":[0]},"t":182,"s":[100]},{"t":203,"s":[100]}],"ix":11},"p":{"a":1,"k":[{"i":{"x":0.667,"y":0.667},"o":{"x":0.333,"y":0.333},"t":165,"s":[63.151,50.693,0],"to":[0,0,0],"ti":[0,0,0]},{"i":{"x":0.667,"y":0.667},"o":{"x":0.333,"y":0.333},"t":182,"s":[63.151,50.693,0],"to":[0,0,0],"ti":[0,0,0]},{"t":203,"s":[63.151,50.693,0]}],"ix":2,"l":2},"a":{"a":0,"k":[63.151,50.693,0],"ix":1,"l":2},"s":{"a":1,"k":[{"i":{"x":[0.29,0.29,0.667],"y":[1,1,1]},"o":{"x":[0.333,0.333,0.333],"y":[0,0,0]},"t":204,"s":[100,100,100]},{"i":{"x":[0.667,0.667,0.667],"y":[1,1,1]},"o":{"x":[0.616,0.616,0.333],"y":[0,0,0]},"t":217.777,"s":[105,105,100]},{"t":235,"s":[100,100,100]}],"ix":6,"l":2}},"ao":0,"shapes":[{"ty":"gr","it":[{"ind":0,"ty":"sh","ix":1,"ks":{"a":0,"k":{"i":[[0.276,0],[0,0],[0,0.276],[0,0],[-0.276,0],[0,0],[0,-0.276],[0,0]],"o":[[0,0],[-0.276,0],[0,0],[0,-0.276],[0,0],[0.276,0],[0,0],[0,0.276]],"v":[[0.85,1.35],[-0.85,1.35],[-1.35,0.85],[-1.35,-0.85],[-0.85,-1.35],[0.85,-1.35],[1.35,-0.85],[1.35,0.85]],"c":true},"ix":2},"nm":"Path 1","mn":"ADBE Vector Shape - Group","hd":false},{"ty":"fl","c":{"a":0,"k":[0.145098039216,0.827451040231,0.400000029919,1],"ix":4},"o":{"a":0,"k":100,"ix":5},"r":1,"bm":0,"nm":"Fill 1","mn":"ADBE Vector Graphic - Fill","hd":false},{"ty":"tr","p":{"a":0,"k":[63.151,49.343],"ix":2},"a":{"a":0,"k":[0,0],"ix":1},"s":{"a":0,"k":[100,100],"ix":3},"r":{"a":0,"k":0,"ix":6},"o":{"a":0,"k":100,"ix":7},"sk":{"a":0,"k":0,"ix":4},"sa":{"a":0,"k":0,"ix":5},"nm":"Transform"}],"nm":"Group 1","np":2,"cix":2,"bm":0,"ix":1,"mn":"ADBE Vector Group","hd":false}],"ip":153,"op":783,"st":153,"ct":1,"bm":0},{"ddd":0,"ind":14,"ty":4,"nm":"Rectangle","parent":7,"sr":1,"ks":{"o":{"a":1,"k":[{"i":{"x":[0.667],"y":[1]},"o":{"x":[0.333],"y":[0]},"t":165,"s":[0]},{"i":{"x":[0.667],"y":[1]},"o":{"x":[0.333],"y":[0]},"t":182,"s":[100]},{"t":203,"s":[100]}],"ix":11},"p":{"a":1,"k":[{"i":{"x":0.667,"y":1},"o":{"x":0.333,"y":0},"t":165,"s":[82.001,69.22,0],"to":[0,0,0],"ti":[0,0,0]},{"i":{"x":0.667,"y":0.667},"o":{"x":0.333,"y":0.333},"t":182,"s":[82.001,62.71,0],"to":[0,0,0],"ti":[0,0,0]},{"i":{"x":0.667,"y":1},"o":{"x":0.333,"y":0},"t":203,"s":[82.001,62.71,0],"to":[0,0,0],"ti":[0,0,0]},{"t":235,"s":[82.001,62.71,0]}],"ix":2,"l":2},"a":{"a":0,"k":[82.001,50.693,0],"ix":1,"l":2},"s":{"a":1,"k":[{"i":{"x":[0.29,0.29,0.667],"y":[1,1,1]},"o":{"x":[0.333,0.333,0.333],"y":[0,0,0]},"t":204,"s":[100,100,100]},{"i":{"x":[0.667,0.667,0.667],"y":[1,1,1]},"o":{"x":[0.616,0.616,0.333],"y":[0,0,0]},"t":217.777,"s":[105,105,100]},{"t":235,"s":[100,100,100]}],"ix":6,"l":2}},"ao":0,"shapes":[{"ty":"gr","it":[{"ind":0,"ty":"sh","ix":1,"ks":{"a":0,"k":{"i":[[0.276,0],[0,0],[0,0.276],[0,0],[-0.276,0],[0,0],[0,-0.276],[0,0]],"o":[[0,0],[-0.276,0],[0,0],[0,-0.276],[0,0],[0.276,0],[0,0],[0,0.276]],"v":[[14.3,1.35],[-14.3,1.35],[-14.8,0.85],[-14.8,-0.85],[-14.3,-1.35],[14.3,-1.35],[14.8,-0.85],[14.8,0.85]],"c":true},"ix":2},"nm":"Path 1","mn":"ADBE Vector Shape - Group","hd":false},{"ty":"fl","c":{"a":0,"k":[0.145098039216,0.827451040231,0.400000029919,1],"ix":4},"o":{"a":0,"k":100,"ix":5},"r":1,"bm":0,"nm":"Fill 1","mn":"ADBE Vector Graphic - Fill","hd":false},{"ty":"tr","p":{"a":0,"k":[82.001,49.343],"ix":2},"a":{"a":0,"k":[0,0],"ix":1},"s":{"a":0,"k":[100,100],"ix":3},"r":{"a":0,"k":0,"ix":6},"o":{"a":0,"k":100,"ix":7},"sk":{"a":0,"k":0,"ix":4},"sa":{"a":0,"k":0,"ix":5},"nm":"Transform"}],"nm":"Group 1","np":2,"cix":2,"bm":0,"ix":1,"mn":"ADBE Vector Group","hd":false}],"ip":153,"op":783,"st":153,"ct":1,"bm":0},{"ddd":0,"ind":15,"ty":4,"nm":"MASK","td":1,"sr":1,"ks":{"p":{"a":0,"k":[400,400,0],"ix":2,"l":2},"a":{"a":0,"k":[80,80,0],"ix":1,"l":2},"s":{"a":0,"k":[500,500,100],"ix":6,"l":2}},"ao":0,"shapes":[{"ty":"gr","it":[{"ind":0,"ty":"sh","ix":1,"ks":{"a":0,"k":{"i":[[33.137,0],[0,-33.137],[-33.137,0],[0,33.137]],"o":[[-33.137,0],[0,33.137],[33.137,0],[0,-33.137]],"v":[[0,-60],[-60,0],[0,60],[60,0]],"c":true},"ix":2},"nm":"Path 1","mn":"ADBE Vector Shape - Group","hd":false},{"ind":1,"ty":"sh","ix":2,"ks":{"a":0,"k":{"i":[[-32.257,0],[0,-32.257],[32.257,0],[0,32.257]],"o":[[32.257,0],[0,32.257],[-32.257,0],[0,-32.257]],"v":[[0,-58.5],[58.5,0],[0,58.5],[-58.5,0]],"c":true},"ix":2},"nm":"Path 2","mn":"ADBE Vector Shape - Group","hd":false},{"ty":"mm","mm":1,"nm":"Merge Paths 1","mn":"ADBE Vector Filter - Merge","hd":false},{"ty":"fl","c":{"a":0,"k":[0.066666666667,0.105882360421,0.129411764706,1],"ix":4},"o":{"a":0,"k":100,"ix":5},"r":1,"bm":0,"nm":"Fill 1","mn":"ADBE Vector Graphic - Fill","hd":false},{"ty":"tr","p":{"a":0,"k":[79.301,80],"ix":2},"a":{"a":0,"k":[0,0],"ix":1},"s":{"a":0,"k":[100,100],"ix":3},"r":{"a":0,"k":0,"ix":6},"o":{"a":0,"k":100,"ix":7},"sk":{"a":0,"k":0,"ix":4},"sa":{"a":0,"k":0,"ix":5},"nm":"Transform"}],"nm":"Group 1","np":4,"cix":2,"bm":0,"ix":1,"mn":"ADBE Vector Group","hd":false},{"ty":"gr","it":[{"ind":0,"ty":"sh","ix":1,"ks":{"a":0,"k":{"i":[[32.671,0],[0,32.671],[-32.67,0],[0,-32.67]],"o":[[-32.67,0],[0,-32.67],[32.671,0],[0,32.671]],"v":[[0,59.25],[-59.25,0],[0,-59.25],[59.25,0]],"c":true},"ix":2},"nm":"Path 1","mn":"ADBE Vector Shape - Group","hd":false},{"ty":"fl","c":{"a":0,"k":[0.901960844152,1,0.854902020623,1],"ix":4},"o":{"a":0,"k":100,"ix":5},"r":1,"bm":0,"nm":"Fill 1","mn":"ADBE Vector Graphic - Fill","hd":false},{"ty":"tr","p":{"a":0,"k":[79.301,80],"ix":2},"a":{"a":0,"k":[0,0],"ix":1},"s":{"a":0,"k":[100,100],"ix":3},"r":{"a":0,"k":0,"ix":6},"o":{"a":0,"k":100,"ix":7},"sk":{"a":0,"k":0,"ix":4},"sa":{"a":0,"k":0,"ix":5},"nm":"Transform"}],"nm":"Group 2","np":2,"cix":2,"bm":0,"ix":2,"mn":"ADBE Vector Group","hd":false}],"ip":-16,"op":669,"st":39,"ct":1,"bm":0},{"ddd":0,"ind":16,"ty":4,"nm":"Phone","tt":1,"tp":15,"sr":1,"ks":{"p":{"a":0,"k":[400,580,0],"ix":2,"l":2},"a":{"a":0,"k":[80,80,0],"ix":1,"l":2},"s":{"a":0,"k":[768,768,100],"ix":6,"l":2}},"ao":0,"shapes":[{"ty":"gr","it":[{"ind":0,"ty":"sh","ix":1,"ks":{"a":0,"k":{"i":[[0,0],[0,0]],"o":[[0,0],[0,0]],"v":[[72.933,119.896],[87.067,119.896]],"c":false},"ix":2},"nm":"Path 1","mn":"ADBE Vector Shape - Group","hd":false},{"ty":"st","c":{"a":0,"k":[0.066666666667,0.105882360421,0.129411764706,1],"ix":3},"o":{"a":0,"k":100,"ix":4},"w":{"a":0,"k":1.5,"ix":5},"lc":2,"lj":1,"ml":4,"bm":0,"nm":"Stroke 1","mn":"ADBE Vector Graphic - Stroke","hd":false},{"ty":"tr","p":{"a":0,"k":[0,0],"ix":2},"a":{"a":0,"k":[0,0],"ix":1},"s":{"a":0,"k":[100,100],"ix":3},"r":{"a":0,"k":0,"ix":6},"o":{"a":0,"k":100,"ix":7},"sk":{"a":0,"k":0,"ix":4},"sa":{"a":0,"k":0,"ix":5},"nm":"Transform"}],"nm":"Group 1","np":2,"cix":2,"bm":0,"ix":1,"mn":"ADBE Vector Group","hd":false},{"ty":"gr","it":[{"ind":0,"ty":"sh","ix":1,"ks":{"a":0,"k":{"i":[[4.106,0],[0,0],[0,-4.106],[0,0],[-4.106,0],[0,0],[0,4.106],[0,0]],"o":[[0,0],[-4.106,0],[0,0],[0,4.106],[0,0],[4.106,0],[0,0],[0,-4.106]],"v":[[17.217,-45],[-17.217,-45],[-24.652,-37.565],[-24.652,37.565],[-17.217,45],[17.217,45],[24.652,37.565],[24.652,-37.565]],"c":true},"ix":2},"nm":"Path 1","mn":"ADBE Vector Shape - Group","hd":false},{"ty":"st","c":{"a":0,"k":[0.066666666667,0.105882360421,0.129411764706,1],"ix":3},"o":{"a":0,"k":100,"ix":4},"w":{"a":0,"k":1,"ix":5},"lc":1,"lj":1,"ml":4,"bm":0,"nm":"Stroke 1","mn":"ADBE Vector Graphic - Stroke","hd":false},{"ty":"fl","c":{"a":0,"k":[0.988235353956,0.960784373564,0.921568687289,1],"ix":4},"o":{"a":0,"k":100,"ix":5},"r":1,"bm":0,"nm":"Fill 1","mn":"ADBE Vector Graphic - Fill","hd":false},{"ty":"tr","p":{"a":0,"k":[80,80],"ix":2},"a":{"a":0,"k":[0,0],"ix":1},"s":{"a":0,"k":[100,100],"ix":3},"r":{"a":0,"k":0,"ix":6},"o":{"a":0,"k":100,"ix":7},"sk":{"a":0,"k":0,"ix":4},"sa":{"a":0,"k":0,"ix":5},"nm":"Transform"}],"nm":"Group 2","np":3,"cix":2,"bm":0,"ix":2,"mn":"ADBE Vector Group","hd":false}],"ip":-8,"op":677,"st":47,"ct":1,"bm":0},{"ddd":0,"ind":17,"ty":4,"nm":"CIRCLE_Fill","sr":1,"ks":{"p":{"a":0,"k":[400,400,0],"ix":2,"l":2},"a":{"a":0,"k":[80,80,0],"ix":1,"l":2},"s":{"a":0,"k":[500,500,100],"ix":6,"l":2}},"ao":0,"shapes":[{"ty":"gr","it":[{"ind":0,"ty":"sh","ix":1,"ks":{"a":0,"k":{"i":[[32.671,0],[0,32.671],[-32.67,0],[0,-32.67]],"o":[[-32.67,0],[0,-32.67],[32.671,0],[0,32.671]],"v":[[0,59.25],[-59.25,0],[0,-59.25],[59.25,0]],"c":true},"ix":2},"nm":"Path 1","mn":"ADBE Vector Shape - Group","hd":false},{"ty":"fl","c":{"a":0,"k":[0.901960844152,1,0.854902020623,1],"ix":4},"o":{"a":0,"k":100,"ix":5},"r":1,"bm":0,"nm":"Fill 1","mn":"ADBE Vector Graphic - Fill","hd":false},{"ty":"tr","p":{"a":0,"k":[79.301,80],"ix":2},"a":{"a":0,"k":[0,0],"ix":1},"s":{"a":0,"k":[100,100],"ix":3},"r":{"a":0,"k":0,"ix":6},"o":{"a":0,"k":100,"ix":7},"sk":{"a":0,"k":0,"ix":4},"sa":{"a":0,"k":0,"ix":5},"nm":"Transform"}],"nm":"Group 2","np":2,"cix":2,"bm":0,"ix":1,"mn":"ADBE Vector Group","hd":false}],"ip":-16,"op":669,"st":39,"ct":1,"bm":0}]}],"layers":[{"ddd":0,"ind":1,"ty":0,"nm":"ChatLockSimple-No Icons","refId":"comp_0","sr":1,"ks":{"p":{"a":0,"k":[80,80,0],"ix":2,"l":2},"a":{"a":0,"k":[400,400,0],"ix":1,"l":2},"s":{"a":0,"k":[20,20,100],"ix":6,"l":2}},"ao":0,"w":800,"h":800,"ip":0,"op":630,"st":0,"ct":1,"bm":0}],"markers":[],"props":{}}
