{"v":"5.7.4","fr":24,"ip":0,"op":20,"w":192,"h":144,"nm":"and_ic-chatlock_chatList@4x","ddd":0,"assets":[],"layers":[{"ddd":0,"ind":1,"ty":4,"nm":"Base/and_ic-chatlock_chatList-DARK Outlines","sr":1,"ks":{"o":{"a":0,"k":100,"ix":11},"r":{"a":0,"k":0,"ix":10},"p":{"a":0,"k":[96,87.5,0],"ix":2,"l":2},"a":{"a":0,"k":[8.5,8,0],"ix":1,"l":2},"s":{"a":0,"k":[400,400,100],"ix":6,"l":2}},"ao":0,"shapes":[{"ty":"gr","it":[{"ind":0,"ty":"sh","ix":1,"ks":{"a":0,"k":{"i":[[-0.552,0],[0,0],[0,-0.552],[0.552,0],[0,0],[0,0.552]],"o":[[0,0],[0.552,0],[0,0.552],[0,0],[-0.552,0],[0,-0.552]],"v":[[-2.863,-1],[2.863,-1],[3.863,0],[2.863,1],[-2.863,1],[-3.863,0]],"c":true},"ix":2},"nm":"Path 1","mn":"ADBE Vector Shape - Group","hd":false},{"ty":"fl","c":{"a":0,"k":[0,0,0,1],"ix":4},"o":{"a":0,"k":100,"ix":5},"r":1,"bm":0,"nm":"Fill 1","mn":"ADBE Vector Graphic - Fill","hd":false},{"ty":"tr","p":{"a":0,"k":[7.391,7.75],"ix":2},"a":{"a":0,"k":[0,0],"ix":1},"s":{"a":0,"k":[100,100],"ix":3},"r":{"a":0,"k":0,"ix":6},"o":{"a":0,"k":100,"ix":7},"sk":{"a":0,"k":0,"ix":4},"sa":{"a":0,"k":0,"ix":5},"nm":"Transform"}],"nm":"Group 1","np":2,"cix":2,"bm":0,"ix":1,"mn":"ADBE Vector Group","hd":false},{"ty":"gr","it":[{"ind":0,"ty":"sh","ix":1,"ks":{"a":0,"k":{"i":[[-0.552,0],[0,0],[0,-0.552],[0.552,0],[0,0],[0,0.552]],"o":[[0,0],[0.552,0],[0,0.552],[0,0],[-0.552,0],[0,-0.552]],"v":[[-3.727,-1],[3.727,-1],[4.727,0],[3.727,1],[-3.727,1],[-4.727,0]],"c":true},"ix":2},"nm":"Path 1","mn":"ADBE Vector Shape - Group","hd":false},{"ty":"fl","c":{"a":0,"k":[0,0,0,1],"ix":4},"o":{"a":0,"k":100,"ix":5},"r":1,"bm":0,"nm":"Fill 1","mn":"ADBE Vector Graphic - Fill","hd":false},{"ty":"tr","p":{"a":0,"k":[8.254,4.75],"ix":2},"a":{"a":0,"k":[0,0],"ix":1},"s":{"a":0,"k":[100,100],"ix":3},"r":{"a":0,"k":0,"ix":6},"o":{"a":0,"k":100,"ix":7},"sk":{"a":0,"k":0,"ix":4},"sa":{"a":0,"k":0,"ix":5},"nm":"Transform"}],"nm":"Group 2","np":2,"cix":2,"bm":0,"ix":2,"mn":"ADBE Vector Group","hd":false},{"ty":"gr","it":[{"ind":0,"ty":"sh","ix":1,"ks":{"a":0,"k":{"i":[[0,0],[0,-0.894],[0,0],[0,0],[0,0],[0,0.893],[0,0],[0.894,0]],"o":[[-0.894,0],[0,0],[0,0],[0,0],[0.894,0],[0,0],[0,-0.894],[0,0]],"v":[[-6.38,-7.359],[-7.997,-5.734],[-8.005,7.359],[-4.322,4.781],[6.38,4.781],[8.005,3.156],[8.003,-5.734],[6.378,-7.359]],"c":true},"ix":2},"nm":"Path 1","mn":"ADBE Vector Shape - Group","hd":false},{"ind":1,"ty":"sh","ix":2,"ks":{"a":0,"k":{"i":[[0,0],[0,0],[0,0],[0,0],[0,0]],"o":[[0,0],[0,0],[0,0],[0,0],[0,0]],"v":[[-6.38,-5.734],[6.378,-5.734],[6.38,3.156],[-4.995,3.156],[-6.378,4.107]],"c":true},"ix":2},"nm":"Path 2","mn":"ADBE Vector Shape - Group","hd":false},{"ty":"mm","mm":1,"nm":"Merge Paths 1","mn":"ADBE Vector Filter - Merge","hd":false},{"ty":"fl","c":{"a":0,"k":[0,0,0,1],"ix":4},"o":{"a":0,"k":100,"ix":5},"r":1,"bm":0,"nm":"Fill 1","mn":"ADBE Vector Graphic - Fill","hd":false},{"ty":"tr","p":{"a":0,"k":[8.255,7.609],"ix":2},"a":{"a":0,"k":[0,0],"ix":1},"s":{"a":0,"k":[100,100],"ix":3},"r":{"a":0,"k":0,"ix":6},"o":{"a":0,"k":100,"ix":7},"sk":{"a":0,"k":0,"ix":4},"sa":{"a":0,"k":0,"ix":5},"nm":"Transform"}],"nm":"Group 3","np":4,"cix":2,"bm":0,"ix":3,"mn":"ADBE Vector Group","hd":false}],"ip":0,"op":24,"st":0,"bm":0},{"ddd":0,"ind":2,"ty":4,"nm":"Hoop","sr":1,"ks":{"o":{"a":0,"k":100,"ix":11},"r":{"a":0,"k":0,"ix":10},"p":{"a":0,"k":[98.5,84.75,0],"ix":2,"l":2},"a":{"a":0,"k":[0,0,0],"ix":1,"l":2},"s":{"a":0,"k":[220,220,100],"ix":6,"l":2}},"ao":0,"shapes":[{"ty":"gr","it":[{"ind":0,"ty":"sh","ix":1,"ks":{"a":1,"k":[{"i":{"x":0.999,"y":1},"o":{"x":0.001,"y":0},"t":0,"s":[{"i":[[0,0.188],[0,0],[7.375,0],[0,-0.625],[0,0]],"o":[[0,-0.188],[0,0],[-7.375,0],[0,0.625],[0,0]],"v":[[6.875,-11.875],[6.906,-17.781],[-0.656,-25.219],[-8.938,-18],[-8.938,-11.906]],"c":false}]},{"i":{"x":0.999,"y":1},"o":{"x":0.4,"y":0},"t":4,"s":[{"i":[[0,0.188],[0,0],[7.375,0],[0,-0.625],[0,0]],"o":[[0,-0.188],[0,0],[-7.375,0],[0,0.625],[0,0]],"v":[[6.875,-12.078],[6.906,-24.281],[-0.656,-31.719],[-8.938,-24.5],[-8.938,-18.156]],"c":false}]},{"i":{"x":0.46,"y":1},"o":{"x":0.64,"y":0},"t":8,"s":[{"i":[[0,0.188],[0,0],[7.375,0],[0,-0.625],[0,0]],"o":[[0,-0.188],[0,0],[-7.375,0],[0,0.625],[0,0]],"v":[[6.875,-12.078],[6.906,-24.281],[-0.656,-31.719],[-8.938,-24.5],[-8.938,-18.156]],"c":false}]},{"t":18,"s":[{"i":[[0,0.188],[0,0],[-7.375,0],[0,-0.625],[0,0]],"o":[[0,-0.188],[0,0],[7.25,0],[0,0.625],[0,0]],"v":[[6.875,-12],[6.906,-24.281],[15.094,-31.75],[23.188,-24.531],[23.188,-18.188]],"c":false}]}],"ix":2},"nm":"Path 1","mn":"ADBE Vector Shape - Group","hd":false},{"ty":"st","c":{"a":0,"k":[0,0,0,1],"ix":3},"o":{"a":0,"k":100,"ix":4},"w":{"a":0,"k":3.5,"ix":5},"lc":2,"lj":1,"ml":4,"bm":0,"nm":"Stroke 1","mn":"ADBE Vector Graphic - Stroke","hd":false},{"ty":"tr","p":{"a":0,"k":[6.844,-11.709],"ix":2},"a":{"a":0,"k":[6.844,-11.709],"ix":1},"s":{"a":0,"k":[100,100],"ix":3},"r":{"a":0,"k":0,"ix":6},"o":{"a":0,"k":100,"ix":7},"sk":{"a":0,"k":0,"ix":4},"sa":{"a":0,"k":0,"ix":5},"nm":"Transform"}],"nm":"Shape 1","np":2,"cix":2,"bm":0,"ix":1,"mn":"ADBE Vector Group","hd":false}],"ip":0,"op":24,"st":0,"bm":0}],"markers":[]}
