{"v":"5.12.1","fr":60,"ip":44,"op":295,"w":160,"h":160,"nm":"L","assets":[{"id":"comp_0","nm":"L","fr":60,"layers":[{"ind":1,"ty":4,"nm":"p","sr":1,"ks":{"o":{"a":0,"k":100},"r":{"a":0,"k":0},"p":{"a":0,"k":[390.5,405.5,0],"l":2},"a":{"a":0,"k":[39.5,39.5,0],"l":2},"s":{"a":1,"k":[{"i":{"x":[0.237,0.237,0.667],"y":[1,1,1]},"o":{"x":[0.333,0.333,0.333],"y":[0,0,0]},"t":44,"s":[210,210,100]},{"i":{"x":[0.833,0.833,0.833],"y":[1,1,1]},"o":{"x":[0.987,0.987,0.333],"y":[0,0,0]},"t":69.918,"s":[220,220,100]},{"i":{"x":[0.237,0.237,0.667],"y":[1,1,1]},"o":{"x":[0.333,0.333,0.333],"y":[0,0,0]},"t":94.166,"s":[210,210,100]},{"i":{"x":[0.833,0.833,0.833],"y":[1,1,1]},"o":{"x":[0.987,0.987,0.333],"y":[0,0,0]},"t":120.086,"s":[220,220,100]},{"i":{"x":[0.237,0.237,0.667],"y":[1,1,1]},"o":{"x":[0.333,0.333,0.333],"y":[0,0,0]},"t":144.334,"s":[210,210,100]},{"i":{"x":[0.833,0.833,0.833],"y":[1,1,1]},"o":{"x":[0.987,0.987,0.333],"y":[0,0,0]},"t":170.254,"s":[220,220,100]},{"i":{"x":[0.237,0.237,0.667],"y":[1,1,1]},"o":{"x":[0.333,0.333,0.333],"y":[0,0,0]},"t":194.5,"s":[210,210,100]},{"i":{"x":[0.833,0.833,0.833],"y":[1,1,1]},"o":{"x":[0.987,0.987,0.333],"y":[0,0,0]},"t":220.418,"s":[220,220,100]},{"i":{"x":[0.237,0.237,0.667],"y":[1,1,1]},"o":{"x":[0.333,0.333,0.333],"y":[0,0,0]},"t":244.666,"s":[210,210,100]},{"i":{"x":[0.833,0.833,0.833],"y":[1,1,1]},"o":{"x":[0.987,0.987,0.333],"y":[0,0,0]},"t":270.586,"s":[220,220,100]},{"t":294.834,"s":[210,210,100]}],"l":2}},"ao":0,"shapes":[{"ty":"gr","it":[{"ind":0,"ty":"sh","ks":{"a":0,"k":{"i":[[0,0],[8.558,0],[1.979,-3.205]],"o":[[-2.051,-2.865],[-8.558,0],[0,0]],"v":[[18.476,3.18],[0.158,-3.18],[-18.476,3.18]],"c":false}},"nm":"P"},{"ty":"st","c":{"a":0,"k":[0,0,0,1]},"o":{"a":0,"k":100},"w":{"a":1,"k":[{"i":{"x":[0.833],"y":[0.833]},"o":{"x":[0.167],"y":[0.167]},"t":44,"s":[3.5]},{"i":{"x":[0.833],"y":[0.833]},"o":{"x":[0.167],"y":[0.167]},"t":70,"s":[3.2]},{"i":{"x":[0.833],"y":[0.833]},"o":{"x":[0.167],"y":[0.167]},"t":94,"s":[3.5]},{"i":{"x":[0.833],"y":[0.833]},"o":{"x":[0.167],"y":[0.167]},"t":120,"s":[3.2]},{"i":{"x":[0.833],"y":[0.833]},"o":{"x":[0.167],"y":[0.167]},"t":144,"s":[3.5]},{"i":{"x":[0.833],"y":[0.833]},"o":{"x":[0.167],"y":[0.167]},"t":170,"s":[3.2]},{"i":{"x":[0.833],"y":[0.833]},"o":{"x":[0.167],"y":[0.167]},"t":194,"s":[3.5]},{"i":{"x":[0.833],"y":[0.833]},"o":{"x":[0.167],"y":[0.167]},"t":220,"s":[3.2]},{"i":{"x":[0.833],"y":[0.833]},"o":{"x":[0.167],"y":[0.167]},"t":244,"s":[3.5]},{"i":{"x":[0.833],"y":[0.833]},"o":{"x":[0.167],"y":[0.167]},"t":270,"s":[3.2]},{"t":294,"s":[3.5]}]},"lc":1,"lj":1,"ml":10,"nm":"S"},{"ty":"tr","p":{"a":0,"k":[43,50.012]},"a":{"a":0,"k":[0,0]},"s":{"a":0,"k":[100,100]},"r":{"a":0,"k":0},"o":{"a":0,"k":100},"sk":{"a":0,"k":0},"sa":{"a":0,"k":0},"nm":"T"}],"nm":"G"},{"ty":"gr","it":[{"ind":0,"ty":"sh","ks":{"a":0,"k":{"i":[[-6.288,0],[0,6.288],[6.288,0],[0,-6.288]],"o":[[6.276,0],[0,-6.276],[-6.288,0],[0,6.288]],"v":[[0,11.363],[11.362,0.001],[0,-11.363],[-11.362,0.001]],"c":true}},"nm":"P"},{"ty":"st","c":{"a":0,"k":[0,0,0,1]},"o":{"a":0,"k":100},"w":{"a":1,"k":[{"i":{"x":[0.833],"y":[0.833]},"o":{"x":[0.167],"y":[0.167]},"t":44,"s":[3.5]},{"i":{"x":[0.833],"y":[0.833]},"o":{"x":[0.167],"y":[0.167]},"t":70,"s":[3.2]},{"i":{"x":[0.833],"y":[0.833]},"o":{"x":[0.167],"y":[0.167]},"t":94,"s":[3.5]},{"i":{"x":[0.833],"y":[0.833]},"o":{"x":[0.167],"y":[0.167]},"t":120,"s":[3.2]},{"i":{"x":[0.833],"y":[0.833]},"o":{"x":[0.167],"y":[0.167]},"t":144,"s":[3.5]},{"i":{"x":[0.833],"y":[0.833]},"o":{"x":[0.167],"y":[0.167]},"t":170,"s":[3.2]},{"i":{"x":[0.833],"y":[0.833]},"o":{"x":[0.167],"y":[0.167]},"t":194,"s":[3.5]},{"i":{"x":[0.833],"y":[0.833]},"o":{"x":[0.167],"y":[0.167]},"t":220,"s":[3.2]},{"i":{"x":[0.833],"y":[0.833]},"o":{"x":[0.167],"y":[0.167]},"t":244,"s":[3.5]},{"i":{"x":[0.833],"y":[0.833]},"o":{"x":[0.167],"y":[0.167]},"t":270,"s":[3.2]},{"t":294,"s":[3.5]}]},"lc":1,"lj":1,"ml":10,"nm":"S"},{"ty":"tr","p":{"a":0,"k":[43,32.632]},"a":{"a":0,"k":[0,0]},"s":{"a":0,"k":[100,100]},"r":{"a":0,"k":0},"o":{"a":0,"k":100},"sk":{"a":0,"k":0},"sa":{"a":0,"k":0},"nm":"T"}],"nm":"G"},{"ty":"gr","it":[{"ind":0,"ty":"sh","ks":{"a":0,"k":{"i":[[0,-13.863],[13.863,0],[0,13.863],[-13.863,0]],"o":[[0,13.863],[-13.863,0],[0,-13.863],[13.863,0]],"v":[[25.104,0],[0,25.104],[-25.104,0],[0,-25.104]],"c":true}},"nm":"P"},{"ty":"st","c":{"a":0,"k":[0,0,0,1]},"o":{"a":0,"k":100},"w":{"a":1,"k":[{"i":{"x":[0.833],"y":[0.833]},"o":{"x":[0.167],"y":[0.167]},"t":44,"s":[3.5]},{"i":{"x":[0.833],"y":[0.833]},"o":{"x":[0.167],"y":[0.167]},"t":70,"s":[3.2]},{"i":{"x":[0.833],"y":[0.833]},"o":{"x":[0.167],"y":[0.167]},"t":94,"s":[3.5]},{"i":{"x":[0.833],"y":[0.833]},"o":{"x":[0.167],"y":[0.167]},"t":120,"s":[3.2]},{"i":{"x":[0.833],"y":[0.833]},"o":{"x":[0.167],"y":[0.167]},"t":144,"s":[3.5]},{"i":{"x":[0.833],"y":[0.833]},"o":{"x":[0.167],"y":[0.167]},"t":170,"s":[3.2]},{"i":{"x":[0.833],"y":[0.833]},"o":{"x":[0.167],"y":[0.167]},"t":194,"s":[3.5]},{"i":{"x":[0.833],"y":[0.833]},"o":{"x":[0.167],"y":[0.167]},"t":220,"s":[3.2]},{"i":{"x":[0.833],"y":[0.833]},"o":{"x":[0.167],"y":[0.167]},"t":244,"s":[3.5]},{"i":{"x":[0.833],"y":[0.833]},"o":{"x":[0.167],"y":[0.167]},"t":270,"s":[3.2]},{"t":294,"s":[3.5]}]},"lc":1,"lj":1,"ml":10,"nm":"S"},{"ty":"fl","c":{"a":0,"k":[0.145,0.827,0.4,1]},"o":{"a":0,"k":100},"r":1,"nm":"F"},{"ty":"tr","p":{"a":0,"k":[43,36]},"a":{"a":0,"k":[0,0]},"s":{"a":0,"k":[100,100]},"r":{"a":0,"k":0},"o":{"a":0,"k":100},"sk":{"a":0,"k":0},"sa":{"a":0,"k":0},"nm":"T"}],"nm":"G"},{"ty":"gr","it":[{"ind":0,"ty":"sh","ks":{"a":0,"k":{"i":[[-17.505,0],[0,17.517],[17.517,0],[0,-17.504]],"o":[[17.505,0],[0,-17.516],[-17.517,0],[0,17.505]],"v":[[-0.007,31.702],[31.702,-0.007],[-0.007,-31.702],[-31.701,-0.007]],"c":true}},"nm":"P"},{"ty":"st","c":{"a":0,"k":[0,0,0,1]},"o":{"a":0,"k":100},"w":{"a":1,"k":[{"i":{"x":[0.833],"y":[0.833]},"o":{"x":[0.167],"y":[0.167]},"t":44,"s":[3.5]},{"i":{"x":[0.833],"y":[0.833]},"o":{"x":[0.167],"y":[0.167]},"t":70,"s":[3.2]},{"i":{"x":[0.833],"y":[0.833]},"o":{"x":[0.167],"y":[0.167]},"t":94,"s":[3.5]},{"i":{"x":[0.833],"y":[0.833]},"o":{"x":[0.167],"y":[0.167]},"t":120,"s":[3.2]},{"i":{"x":[0.833],"y":[0.833]},"o":{"x":[0.167],"y":[0.167]},"t":144,"s":[3.5]},{"i":{"x":[0.833],"y":[0.833]},"o":{"x":[0.167],"y":[0.167]},"t":170,"s":[3.2]},{"i":{"x":[0.833],"y":[0.833]},"o":{"x":[0.167],"y":[0.167]},"t":194,"s":[3.5]},{"i":{"x":[0.833],"y":[0.833]},"o":{"x":[0.167],"y":[0.167]},"t":220,"s":[3.2]},{"i":{"x":[0.833],"y":[0.833]},"o":{"x":[0.167],"y":[0.167]},"t":244,"s":[3.5]},{"i":{"x":[0.833],"y":[0.833]},"o":{"x":[0.167],"y":[0.167]},"t":270,"s":[3.2]},{"t":294,"s":[3.5]}]},"lc":1,"lj":1,"ml":10,"nm":"S"},{"ty":"tr","p":{"a":0,"k":[43,36]},"a":{"a":0,"k":[0,0]},"s":{"a":0,"k":[100,100]},"r":{"a":0,"k":0},"o":{"a":0,"k":100},"sk":{"a":0,"k":0},"sa":{"a":0,"k":0},"nm":"T"}],"nm":"G"},{"ty":"fl","c":{"a":0,"k":[0.145,0.827,0.4,1]},"o":{"a":0,"k":100},"r":1,"nm":"F"}],"ip":0,"op":1200,"st":0,"ct":1},{"ind":2,"ty":3,"nm":"N","sr":1,"ks":{"o":{"a":0,"k":0},"r":{"a":1,"k":[{"i":{"x":[0.833],"y":[0.833]},"o":{"x":[0.167],"y":[0.167]},"t":44,"s":[61.521]},{"t":294,"s":[421.521]}]},"p":{"a":0,"k":[400,400,0],"l":2},"a":{"a":0,"k":[50,50,0],"l":2},"s":{"a":0,"k":[100,100,100],"l":2}},"ao":0,"ip":0,"op":1200,"st":0},{"ind":3,"ty":4,"nm":"r","parent":2,"sr":1,"ks":{"o":{"a":0,"k":100},"r":{"a":0,"k":0},"p":{"a":0,"k":[50.245,50.781,0],"l":2},"a":{"a":0,"k":[3.745,252.72,0],"l":2},"s":{"a":0,"k":[100,100,100],"l":2}},"ao":0,"shapes":[{"ty":"gr","it":[{"ind":0,"ty":"sh","ks":{"a":0,"k":{"i":[[0,0],[0,0]],"o":[[0,0],[0,0]],"v":[[-0.245,124.219],[0.245,-124.219]],"c":false}},"nm":"P"},{"ty":"st","c":{"a":0,"k":[0,0,0,1]},"o":{"a":0,"k":100},"w":{"a":0,"k":7},"lc":2,"lj":1,"ml":4,"nm":"S"},{"ty":"tr","p":{"a":0,"k":[3.745,127.72]},"a":{"a":0,"k":[0,0]},"s":{"a":0,"k":[100,100]},"r":{"a":0,"k":0},"o":{"a":0,"k":100},"sk":{"a":0,"k":0},"sa":{"a":0,"k":0},"nm":"T"}],"nm":"G"}],"ip":0,"op":714,"st":0,"ct":1},{"ind":5,"ty":3,"nm":"N","sr":1,"ks":{"o":{"a":0,"k":0},"r":{"a":0,"k":0},"p":{"a":0,"k":[244,338,0],"l":2},"a":{"a":0,"k":[50,50,0],"l":2},"s":{"a":0,"k":[100,100,100],"l":2}},"ao":0,"ip":0,"op":1200,"st":0},{"ind":6,"ty":4,"nm":"d","parent":2,"td":1,"sr":1,"ks":{"o":{"a":0,"k":100},"r":{"a":0,"k":0},"p":{"a":0,"k":[50,58,0],"l":2},"a":{"a":0,"k":[0,0,0],"l":2},"s":{"a":0,"k":[100,100,100],"l":2}},"ao":0,"shapes":[{"ty":"gr","it":[{"ty":"rc","d":1,"s":{"a":0,"k":[300.496,300.496]},"p":{"a":0,"k":[0,0]},"r":{"a":0,"k":0},"nm":"R"},{"ty":"fl","c":{"a":0,"k":[0.145,0.827,0.4,1]},"o":{"a":0,"k":100},"r":1,"nm":"F"},{"ty":"tr","p":{"a":0,"k":[-150.248,-152.248]},"a":{"a":0,"k":[0,0]},"s":{"a":0,"k":[100,100]},"r":{"a":0,"k":0},"o":{"a":0,"k":100},"sk":{"a":0,"k":0},"sa":{"a":0,"k":0},"nm":"T"}],"nm":"R"}],"ip":0,"op":1200,"st":0,"ct":1},{"ind":7,"ty":4,"nm":"d","tt":1,"tp":6,"sr":1,"ks":{"o":{"a":0,"k":100},"r":{"a":0,"k":0},"p":{"a":0,"k":[425,391,0],"l":2},"a":{"a":0,"k":[219.5,238.5,0],"l":2},"s":{"a":0,"k":[100,100,100],"l":2}},"ao":0,"shapes":[{"ty":"gr","it":[{"ind":0,"ty":"sh","ks":{"a":0,"k":{"i":[[2.662,-7.959],[7.959,2.661],[-2.662,7.959],[-7.959,-2.661]],"o":[[-2.662,7.959],[-7.959,-2.662],[2.661,-7.959],[7.959,2.662]],"v":[[14.411,4.819],[-4.82,14.411],[-14.411,-4.82],[4.819,-14.411]],"c":true}},"nm":"P"},{"ty":"st","c":{"a":0,"k":[0.067,0.106,0.129,1]},"o":{"a":0,"k":100},"w":{"a":0,"k":7.5},"lc":1,"lj":1,"ml":4,"nm":"S"},{"ty":"fl","c":{"a":0,"k":[0.145,0.827,0.4,1]},"o":{"a":0,"k":100},"r":1,"nm":"F"},{"ty":"tr","p":{"a":0,"k":[260.464,24.073]},"a":{"a":0,"k":[0,0]},"s":{"a":0,"k":[100,100]},"r":{"a":0,"k":0},"o":{"a":0,"k":100},"sk":{"a":0,"k":0},"sa":{"a":0,"k":0},"nm":"T"}],"nm":"G"},{"ty":"gr","it":[{"ind":0,"ty":"sh","ks":{"a":0,"k":{"i":[[2.662,-7.959],[7.959,2.661],[-2.662,7.959],[-7.959,-2.661]],"o":[[-2.662,7.959],[-7.959,-2.662],[2.661,-7.959],[7.959,2.662]],"v":[[14.411,4.819],[-4.82,14.411],[-14.411,-4.819],[4.819,-14.411]],"c":true}},"nm":"P"},{"ty":"st","c":{"a":0,"k":[0.067,0.106,0.129,1]},"o":{"a":0,"k":100},"w":{"a":0,"k":7.5},"lc":1,"lj":1,"ml":4,"nm":"S"},{"ty":"fl","c":{"a":0,"k":[0.145,0.827,0.4,1]},"o":{"a":0,"k":100},"r":1,"nm":"F"},{"ty":"tr","p":{"a":0,"k":[414.006,167.515]},"a":{"a":0,"k":[0,0]},"s":{"a":0,"k":[100,100]},"r":{"a":0,"k":0},"o":{"a":0,"k":100},"sk":{"a":0,"k":0},"sa":{"a":0,"k":0},"nm":"T"}],"nm":"G"},{"ty":"gr","it":[{"ind":0,"ty":"sh","ks":{"a":0,"k":{"i":[[2.662,-7.959],[7.959,2.661],[-2.662,7.959],[-7.959,-2.661]],"o":[[-2.662,7.959],[-7.959,-2.662],[2.661,-7.959],[7.959,2.662]],"v":[[14.411,4.819],[-4.82,14.411],[-14.411,-4.82],[4.819,-14.411]],"c":true}},"nm":"P"},{"ty":"st","c":{"a":0,"k":[0.067,0.106,0.129,1]},"o":{"a":0,"k":100},"w":{"a":0,"k":7.5},"lc":1,"lj":1,"ml":4,"nm":"S"},{"ty":"fl","c":{"a":0,"k":[0.145,0.827,0.4,1]},"o":{"a":0,"k":100},"r":1,"nm":"F"},{"ty":"tr","p":{"a":0,"k":[320.196,372.031]},"a":{"a":0,"k":[0,0]},"s":{"a":0,"k":[100,100]},"r":{"a":0,"k":0},"o":{"a":0,"k":100},"sk":{"a":0,"k":0},"sa":{"a":0,"k":0},"nm":"T"}],"nm":"G"},{"ty":"gr","it":[{"ind":0,"ty":"sh","ks":{"a":0,"k":{"i":[[2.662,-7.959],[7.959,2.661],[-2.662,7.959],[-7.959,-2.661]],"o":[[-2.662,7.959],[-7.959,-2.662],[2.661,-7.959],[7.959,2.662]],"v":[[14.411,4.819],[-4.82,14.411],[-14.411,-4.82],[4.819,-14.411]],"c":true}},"nm":"P"},{"ty":"st","c":{"a":0,"k":[0.067,0.106,0.129,1]},"o":{"a":0,"k":100},"w":{"a":0,"k":7.5},"lc":1,"lj":1,"ml":4,"nm":"S"},{"ty":"fl","c":{"a":0,"k":[0.145,0.827,0.4,1]},"o":{"a":0,"k":100},"r":1,"nm":"F"},{"ty":"tr","p":{"a":0,"k":[-14.369,344.901]},"a":{"a":0,"k":[0,0]},"s":{"a":0,"k":[100,100]},"r":{"a":0,"k":0},"o":{"a":0,"k":100},"sk":{"a":0,"k":0},"sa":{"a":0,"k":0},"nm":"T"}],"nm":"G"},{"ty":"gr","it":[{"ind":0,"ty":"sh","ks":{"a":0,"k":{"i":[[2.662,-7.959],[7.959,2.661],[-2.662,7.959],[-7.959,-2.661]],"o":[[-2.662,7.959],[-7.959,-2.662],[2.661,-7.959],[7.959,2.662]],"v":[[14.322,43.819],[-4.909,53.411],[-14.5,34.181],[4.73,24.589]],"c":true}},"nm":"P"},{"ty":"st","c":{"a":0,"k":[0.067,0.106,0.129,1]},"o":{"a":0,"k":100},"w":{"a":0,"k":7.5},"lc":1,"lj":1,"ml":4,"nm":"S"},{"ty":"fl","c":{"a":0,"k":[0.145,0.827,0.4,1]},"o":{"a":0,"k":100},"r":1,"nm":"F"},{"ty":"tr","p":{"a":0,"k":[85.367,233.225]},"a":{"a":0,"k":[0,0]},"s":{"a":0,"k":[100,100]},"r":{"a":0,"k":0},"o":{"a":0,"k":100},"sk":{"a":0,"k":0},"sa":{"a":0,"k":0},"nm":"T"}],"nm":"G"},{"ty":"gr","it":[{"ind":0,"ty":"sh","ks":{"a":0,"k":{"i":[[2.662,-7.959],[7.959,2.661],[-2.662,7.959],[-7.959,-2.661]],"o":[[-2.662,7.959],[-7.959,-2.662],[2.661,-7.959],[7.959,2.662]],"v":[[14.411,4.819],[-4.82,14.411],[-14.411,-4.82],[4.819,-14.412]],"c":true}},"nm":"P"},{"ty":"st","c":{"a":0,"k":[0.067,0.106,0.129,1]},"o":{"a":0,"k":100},"w":{"a":0,"k":7.5},"lc":1,"lj":1,"ml":4,"nm":"S"},{"ty":"fl","c":{"a":0,"k":[0.145,0.827,0.4,1]},"o":{"a":0,"k":100},"r":1,"nm":"F"},{"ty":"tr","p":{"a":0,"k":[15.401,91.402]},"a":{"a":0,"k":[0,0]},"s":{"a":0,"k":[100,100]},"r":{"a":0,"k":0},"o":{"a":0,"k":100},"sk":{"a":0,"k":0},"sa":{"a":0,"k":0},"nm":"T"}],"nm":"G"}],"ip":0,"op":1200,"st":0,"ct":1},{"ind":8,"ty":4,"nm":"b","parent":2,"sr":1,"ks":{"o":{"a":0,"k":100},"r":{"a":0,"k":-91},"p":{"a":0,"k":[50.491,50.491,0],"l":2},"a":{"a":0,"k":[240.781,240.781,0],"l":2},"s":{"a":0,"k":[100,100,100],"l":2}},"ao":0,"shapes":[{"ty":"gr","it":[{"ty":"gr","it":[{"ind":0,"ty":"sh","ks":{"a":0,"k":{"i":[[129.114,0],[0,-129.114],[-129.114,0],[0,129.114]],"o":[[-129.114,0],[0,129.114],[129.114,0],[0,-129.114]],"v":[[0,-233.781],[-233.781,0],[0,233.781],[233.781,0]],"c":true}},"nm":"P"},{"ty":"st","c":{"a":0,"k":[0.067,0.106,0.129,1]},"o":{"a":0,"k":100},"w":{"a":0,"k":7.5},"lc":2,"lj":1,"ml":4,"nm":"S"},{"ty":"tm","s":{"a":0,"k":0},"e":{"a":0,"k":25},"o":{"a":0,"k":-91},"m":1,"nm":"T"},{"ty":"tr","p":{"a":0,"k":[241.281,241.34]},"a":{"a":0,"k":[0,0]},"s":{"a":0,"k":[100,100]},"r":{"a":0,"k":0},"o":{"a":0,"k":100},"sk":{"a":0,"k":0},"sa":{"a":0,"k":0},"nm":"T"}],"nm":"G"},{"ty":"gr","it":[{"ind":0,"ty":"sh","ks":{"a":0,"k":{"i":[[95.568,0],[0,-95.568],[-95.567,0],[0,95.568]],"o":[[-95.567,0],[0,95.568],[95.568,0],[0,-95.568]],"v":[[-0.001,-173.041],[-173.04,0],[-0.001,173.041],[173.04,0]],"c":true}},"nm":"P"},{"ty":"st","c":{"a":0,"k":[0.004,0.106,0.129,1]},"o":{"a":0,"k":100},"w":{"a":0,"k":7.5},"lc":2,"lj":1,"ml":4,"nm":"S"},{"ty":"tm","s":{"a":0,"k":0},"e":{"a":0,"k":25},"o":{"a":0,"k":-91},"m":1,"nm":"T"},{"ty":"tr","p":{"a":0,"k":[240.781,240.781]},"a":{"a":0,"k":[0,0]},"s":{"a":0,"k":[100,100]},"r":{"a":0,"k":0},"o":{"a":0,"k":100},"sk":{"a":0,"k":0},"sa":{"a":0,"k":0},"nm":"T"}],"nm":"G"},{"ty":"gr","it":[{"ind":0,"ty":"sh","ks":{"a":0,"k":{"i":[[61.752,0],[0,-61.751],[-61.751,0],[0,61.751]],"o":[[-61.751,0],[0,61.751],[61.752,0],[0,-61.751]],"v":[[-0.001,-111.811],[-111.811,0],[-0.001,111.811],[111.811,0]],"c":true}},"nm":"P"},{"ty":"st","c":{"a":0,"k":[0.067,0.106,0.129,1]},"o":{"a":0,"k":100},"w":{"a":0,"k":7.5},"lc":2,"lj":1,"ml":4,"nm":"S"},{"ty":"tm","s":{"a":0,"k":0},"e":{"a":0,"k":25},"o":{"a":0,"k":-91},"m":1,"nm":"T"},{"ty":"tr","p":{"a":0,"k":[240.781,240.781]},"a":{"a":0,"k":[0,0]},"s":{"a":0,"k":[100,100]},"r":{"a":0,"k":0},"o":{"a":0,"k":100},"sk":{"a":0,"k":0},"sa":{"a":0,"k":0},"nm":"T"}],"nm":"G"},{"ty":"tr","p":{"a":0,"k":[240.781,240.781]},"a":{"a":0,"k":[240.781,240.781]},"s":{"a":0,"k":[100,100]},"r":{"a":0,"k":0},"o":{"a":0,"k":100},"sk":{"a":0,"k":0},"sa":{"a":0,"k":0},"nm":"T"}],"nm":"G"}],"ip":0,"op":1081,"st":0,"ct":1},{"ind":9,"ty":4,"nm":"d","parent":2,"td":1,"sr":1,"ks":{"o":{"a":0,"k":100},"r":{"a":0,"k":0},"p":{"a":0,"k":[50,58,0],"l":2},"a":{"a":0,"k":[0,0,0],"l":2},"s":{"a":0,"k":[100,100,100],"l":2}},"ao":0,"shapes":[{"ty":"gr","it":[{"ind":0,"ty":"sh","ks":{"a":0,"k":{"i":[[0,0],[0,0],[0,0],[0,0],[0,0],[0,0]],"o":[[0,0],[0,0],[0,0],[0,0],[0,0],[0,0]],"v":[[150.248,-150.248],[150.248,150.248],[-150.248,150.248],[-149.966,450.658],[451.752,449.752],[455.051,-156.146]],"c":true}},"nm":"P"},{"ty":"fl","c":{"a":0,"k":[0.145,0.827,0.4,1]},"o":{"a":0,"k":100},"r":1,"nm":"F"},{"ty":"tr","p":{"a":0,"k":[-150.248,-152.248]},"a":{"a":0,"k":[0,0]},"s":{"a":0,"k":[100,100]},"r":{"a":0,"k":0},"o":{"a":0,"k":100},"sk":{"a":0,"k":0},"sa":{"a":0,"k":0},"nm":"T"}],"nm":"R"}],"ip":0,"op":1200,"st":0,"ct":1},{"ind":10,"ty":4,"nm":"g","parent":2,"tt":1,"tp":9,"sr":1,"ks":{"o":{"a":0,"k":20},"r":{"a":0,"k":0},"p":{"a":0,"k":[50.491,50.491,0],"l":2},"a":{"a":0,"k":[240.781,240.781,0],"l":2},"s":{"a":0,"k":[100,100,100],"l":2}},"ao":0,"shapes":[{"ty":"gr","it":[{"ind":0,"ty":"sh","ks":{"a":0,"k":{"i":[[-129.114,0],[0,-129.114],[129.114,0],[0,129.114]],"o":[[129.114,0],[0,129.114],[-129.114,0],[0,-129.114]],"v":[[0,-233.781],[233.781,0],[0,233.781],[-233.781,0]],"c":true}},"nm":"P"},{"ty":"st","c":{"a":0,"k":[0,0,0,1]},"o":{"a":0,"k":100},"w":{"a":0,"k":6.5},"lc":2,"lj":1,"ml":4,"nm":"S"},{"ty":"tr","p":{"a":0,"k":[240.781,240.781]},"a":{"a":0,"k":[0,0]},"s":{"a":0,"k":[100,100]},"r":{"a":0,"k":0},"o":{"a":0,"k":100},"sk":{"a":0,"k":0},"sa":{"a":0,"k":0},"nm":"T"}],"nm":"G"},{"ty":"gr","it":[{"ind":0,"ty":"sh","ks":{"a":0,"k":{"i":[[-95.567,0],[0,-95.568],[95.568,0],[0,95.568]],"o":[[95.568,0],[0,95.568],[-95.567,0],[0,-95.568]],"v":[[-0.001,-173.041],[173.04,0],[-0.001,173.041],[-173.04,0]],"c":true}},"nm":"P"},{"ty":"st","c":{"a":0,"k":[0,0,0,1]},"o":{"a":0,"k":100},"w":{"a":0,"k":6.5},"lc":2,"lj":1,"ml":4,"nm":"S"},{"ty":"tr","p":{"a":0,"k":[240.781,240.781]},"a":{"a":0,"k":[0,0]},"s":{"a":0,"k":[100,100]},"r":{"a":0,"k":0},"o":{"a":0,"k":100},"sk":{"a":0,"k":0},"sa":{"a":0,"k":0},"nm":"T"}],"nm":"G"},{"ty":"gr","it":[{"ind":0,"ty":"sh","ks":{"a":0,"k":{"i":[[-61.751,0],[0,-61.751],[61.752,0],[0,61.751]],"o":[[61.752,0],[0,61.751],[-61.751,0],[0,-61.751]],"v":[[-0.001,-111.811],[111.811,0],[-0.001,111.811],[-111.811,0]],"c":true}},"nm":"P"},{"ty":"st","c":{"a":0,"k":[0,0,0,1]},"o":{"a":0,"k":100},"w":{"a":0,"k":6.5},"lc":2,"lj":1,"ml":4,"nm":"S"},{"ty":"tr","p":{"a":0,"k":[240.781,240.781]},"a":{"a":0,"k":[0,0]},"s":{"a":0,"k":[100,100]},"r":{"a":0,"k":0},"o":{"a":0,"k":100},"sk":{"a":0,"k":0},"sa":{"a":0,"k":0},"nm":"T"}],"nm":"G"}],"ip":0,"op":1200,"st":0,"ct":1},{"ind":11,"ty":4,"nm":"M","sr":1,"ks":{"o":{"a":0,"k":100},"r":{"a":0,"k":0},"p":{"a":0,"k":[400,402,0],"l":2},"a":{"a":0,"k":[80,80,0],"l":2},"s":{"a":0,"k":[499,499,100],"l":2}},"ao":0,"shapes":[{"ty":"gr","it":[{"ind":0,"ty":"sh","ks":{"a":0,"k":{"i":[[32.671,0],[0,32.671],[-32.67,0],[0,-32.67]],"o":[[-32.67,0],[0,-32.67],[32.671,0],[0,32.671]],"v":[[0,59.25],[-59.25,0],[0,-59.25],[59.25,0]],"c":true}},"nm":"P"},{"ty":"fl","c":{"a":0,"k":[0.902,1,0.855,1]},"o":{"a":0,"k":100},"r":1,"nm":"F"},{"ty":"tr","p":{"a":0,"k":[79.301,80]},"a":{"a":0,"k":[0,0]},"s":{"a":0,"k":[100,100]},"r":{"a":0,"k":0},"o":{"a":0,"k":100},"sk":{"a":0,"k":0},"sa":{"a":0,"k":0},"nm":"T"}],"nm":"G"}],"ip":-85,"op":829,"st":-30,"ct":1}]}],"layers":[{"ind":1,"ty":0,"nm":"L","refId":"comp_0","sr":1,"ks":{"o":{"a":0,"k":100},"r":{"a":0,"k":0},"p":{"a":0,"k":[80,80,0],"l":2},"a":{"a":0,"k":[400,400,0],"l":2},"s":{"a":0,"k":[20,20,100],"l":2}},"ao":0,"w":800,"h":800,"ip":0,"op":1200,"st":0,"ct":1}],"markers":[]}
