{"v":"4.8.0","meta":{"g":"LottieFiles AE 3.5.3","a":"","k":"","d":"","tc":""},"fr":30,"ip":0,"op":180,"w":120,"h":120,"nm":"F","assets":[{"id":"comp_0","layers":[{"ind":1,"ty":4,"nm":"S","sr":1,"ks":{"o":{"a":0,"k":100},"r":{"a":0,"k":0},"p":{"a":0,"k":[60.063,59.5,0]},"a":{"a":0,"k":[0.594,0.638,0]},"s":{"a":0,"k":[100,100,100]}},"ao":0,"shapes":[{"ty":"gr","it":[{"ty":"rc","d":1,"s":{"a":0,"k":[24,24]},"p":{"a":0,"k":[0,0]},"r":{"a":0,"k":2},"nm":"R"},{"ty":"st","c":{"a":0,"k":[0.447,0.447,0.447,1]},"o":{"a":0,"k":100},"w":{"a":0,"k":0},"lc":1,"lj":2,"nm":"S"},{"ty":"fl","c":{"a":0,"k":[0.459,0.467,0.471,1]},"o":{"a":0,"k":100},"r":1,"nm":"F"},{"ty":"tr","p":{"a":0,"k":[0.594,0.638]},"a":{"a":0,"k":[0,0]},"s":{"a":0,"k":[150,150]},"r":{"a":0,"k":0},"o":{"a":0,"k":100},"sk":{"a":0,"k":0},"sa":{"a":0,"k":0},"nm":"T"}],"nm":"R"}],"ip":0,"op":150,"st":0},{"ind":2,"ty":4,"nm":"G","sr":1,"ks":{"o":{"a":0,"k":100},"r":{"a":0,"k":0},"p":{"a":0,"k":[60.75,59.5,0]},"a":{"a":0,"k":[32.953,14.166,0]},"s":{"a":0,"k":[36,36,100]}},"ao":0,"shapes":[{"ty":"gr","it":[{"d":1,"ty":"el","s":{"a":0,"k":[300,300]},"p":{"a":0,"k":[0,0]},"nm":"E"},{"ty":"tm","s":{"a":0,"k":0},"e":{"a":1,"k":[{"i":{"x":[0.667],"y":[1]},"o":{"x":[0.167],"y":[0]},"t":-149.5,"s":[0]},{"i":{"x":[0.667],"y":[1]},"o":{"x":[0.333],"y":[0]},"t":1,"s":[0]},{"t":70,"s":[100]}]},"o":{"a":0,"k":0},"m":1,"nm":"T"},{"ty":"st","c":{"a":0,"k":[0.145,0.827,0.4,1]},"o":{"a":0,"k":100},"w":{"a":0,"k":20},"lc":2,"lj":1,"ml":4,"nm":"S"},{"ty":"tr","p":{"a":0,"k":[32.953,14.166]},"a":{"a":0,"k":[0,0]},"s":{"a":0,"k":[100,100]},"r":{"a":0,"k":0},"o":{"a":0,"k":100},"sk":{"a":0,"k":0},"sa":{"a":0,"k":0},"nm":"T"}],"nm":"E"}],"ip":-158,"op":70,"st":-158},{"ind":3,"ty":4,"nm":"b","sr":1,"ks":{"o":{"a":0,"k":100},"r":{"a":0,"k":0},"p":{"a":0,"k":[60.9,59.817,0]},"a":{"a":0,"k":[2.5,-0.5,0]},"s":{"a":0,"k":[36,36,100]}},"ao":0,"shapes":[{"ty":"gr","it":[{"d":1,"ty":"el","s":{"a":0,"k":[300,300]},"p":{"a":0,"k":[0,0]},"nm":"E"},{"ty":"st","c":{"a":0,"k":[0.82,0.843,0.859,1]},"o":{"a":0,"k":100},"w":{"a":0,"k":20},"lc":2,"lj":1,"ml":4,"nm":"S"},{"ty":"tr","p":{"a":0,"k":[2.5,-0.5]},"a":{"a":0,"k":[0,0]},"s":{"a":0,"k":[100,100]},"r":{"a":0,"k":0},"o":{"a":0,"k":100},"sk":{"a":0,"k":0},"sa":{"a":0,"k":0},"nm":"T"}],"nm":"E"}],"ip":-158,"op":70,"st":-158},{"ind":4,"ty":4,"nm":"B","sr":1,"ks":{"o":{"a":0,"k":100},"r":{"a":0,"k":0},"p":{"a":0,"k":[74.539,68.039,0]},"a":{"a":0,"k":[14.039,7.539,0]},"s":{"a":0,"k":[100,100,100]}},"ao":0,"shapes":[{"ty":"gr","it":[{"d":1,"ty":"el","s":{"a":0,"k":[84.578,84.578]},"p":{"a":0,"k":[0,0]},"nm":"E"},{"ty":"st","c":{"a":0,"k":[0.82,0.843,0.859,1]},"o":{"a":0,"k":100},"w":{"a":0,"k":0},"lc":1,"lj":1,"ml":4,"nm":"S"},{"ty":"fl","c":{"a":0,"k":[0.965,0.961,0.957,1]},"o":{"a":0,"k":100},"r":1,"nm":"F"},{"ty":"tr","p":{"a":0,"k":[0.418,-0.552]},"a":{"a":0,"k":[0,0]},"s":{"a":0,"k":[115.273,115.273]},"r":{"a":0,"k":0},"o":{"a":0,"k":100},"sk":{"a":0,"k":0},"sa":{"a":0,"k":0},"nm":"T"}],"nm":"E"}],"ip":-3,"op":150,"st":0}]},{"id":"comp_1","layers":[{"ind":1,"ty":4,"nm":"C","sr":1,"ks":{"o":{"a":1,"k":[{"i":{"x":[0.833],"y":[0.833]},"o":{"x":[0.167],"y":[0.167]},"t":39.5,"s":[100]},{"t":44,"s":[0]}]},"r":{"a":0,"k":0},"p":{"a":0,"k":[60.516,63.461,0]},"a":{"a":0,"k":[1.561,2.602,0]},"s":{"a":0,"k":[70,70,100]}},"ao":0,"shapes":[{"ty":"gr","it":[{"ind":0,"ty":"sh","ks":{"a":0,"k":{"i":[[0,0],[0,0],[0,0]],"o":[[0,0],[0,0],[0,0]],"v":[[-29.268,20.163],[-6.634,42.797],[48,-11.837]],"c":false}},"nm":"P"},{"ty":"st","c":{"a":0,"k":[1,1,1,1]},"o":{"a":0,"k":100},"w":{"a":0,"k":10},"lc":2,"lj":2,"nm":"S"},{"ty":"tr","p":{"a":0,"k":[-7.995,-13.91]},"a":{"a":0,"k":[0,0]},"s":{"a":0,"k":[100,100]},"r":{"a":0,"k":0},"o":{"a":0,"k":100},"sk":{"a":0,"k":0},"sa":{"a":0,"k":0},"nm":"T"}],"nm":"S"},{"ty":"tm","s":{"a":1,"k":[{"i":{"x":[0.667],"y":[1]},"o":{"x":[0.333],"y":[0]},"t":4.5,"s":[0]},{"t":23.5,"s":[7.864]}]},"e":{"a":1,"k":[{"i":{"x":[0.667],"y":[1]},"o":{"x":[0.333],"y":[0]},"t":4.5,"s":[0]},{"t":23.5,"s":[100]}]},"o":{"a":0,"k":0},"m":1,"nm":"T"}],"ip":-3,"op":44.5,"st":-7.5},{"ind":2,"ty":4,"nm":"B","sr":1,"ks":{"o":{"a":0,"k":100},"r":{"a":0,"k":0},"p":{"a":0,"k":[74.439,67.939,0]},"a":{"a":0,"k":[14.039,7.539,0]},"s":{"a":0,"k":[100,100,100]}},"ao":0,"shapes":[{"ty":"gr","it":[{"d":1,"ty":"el","s":{"a":1,"k":[{"i":{"x":[0.667,0.667],"y":[1,1]},"o":{"x":[0.333,0.333],"y":[0,0]},"t":0,"s":[0,0]},{"t":2.5,"s":[84.578,84.578]}]},"p":{"a":0,"k":[0,0]},"nm":"E"},{"ty":"st","c":{"a":0,"k":[0.82,0.843,0.859,1]},"o":{"a":0,"k":100},"w":{"a":0,"k":0},"lc":1,"lj":1,"ml":4,"nm":"S"},{"ty":"fl","c":{"a":0,"k":[0.145,0.827,0.4,1]},"o":{"a":0,"k":100},"r":1,"nm":"F"},{"ty":"tr","p":{"a":0,"k":[0.418,-0.552]},"a":{"a":0,"k":[0,0]},"s":{"a":0,"k":[115.273,115.273]},"r":{"a":0,"k":0},"o":{"a":1,"k":[{"i":{"x":[0.833],"y":[0.833]},"o":{"x":[0.167],"y":[0.167]},"t":0,"s":[0]},{"t":2.5,"s":[100]}]},"sk":{"a":0,"k":0},"sa":{"a":0,"k":0},"nm":"T"}],"nm":"E"}],"ip":0,"op":44.5,"st":0},{"ind":3,"ty":4,"nm":"b","sr":1,"ks":{"o":{"a":0,"k":100},"r":{"a":0,"k":0},"p":{"a":0,"k":[60.9,59.817,0]},"a":{"a":0,"k":[2.5,-0.5,0]},"s":{"a":0,"k":[36,36,100]}},"ao":0,"shapes":[{"ty":"gr","it":[{"d":1,"ty":"el","s":{"a":0,"k":[300,300]},"p":{"a":0,"k":[0,0]},"nm":"E"},{"ty":"st","c":{"a":0,"k":[0.145,0.827,0.4,1]},"o":{"a":0,"k":100},"w":{"a":0,"k":20},"lc":2,"lj":1,"ml":4,"nm":"S"},{"ty":"tr","p":{"a":0,"k":[2.5,-0.5]},"a":{"a":0,"k":[0,0]},"s":{"a":0,"k":[100,100]},"r":{"a":0,"k":0},"o":{"a":0,"k":100},"sk":{"a":0,"k":0},"sa":{"a":0,"k":0},"nm":"T"}],"nm":"E"}],"ip":-158,"op":50,"st":-158},{"ind":4,"ty":4,"nm":"B","sr":1,"ks":{"o":{"a":0,"k":100},"r":{"a":0,"k":0},"p":{"a":0,"k":[74.239,67.939,0]},"a":{"a":0,"k":[14.039,7.539,0]},"s":{"a":0,"k":[100,100,100]}},"ao":0,"shapes":[{"ty":"gr","it":[{"d":1,"ty":"el","s":{"a":0,"k":[84.578,84.578]},"p":{"a":0,"k":[0,0]},"nm":"E"},{"ty":"st","c":{"a":0,"k":[0.82,0.843,0.859,1]},"o":{"a":0,"k":100},"w":{"a":0,"k":0},"lc":1,"lj":1,"ml":4,"nm":"S"},{"ty":"fl","c":{"a":0,"k":[0.965,0.961,0.957,1]},"o":{"a":0,"k":100},"r":1,"nm":"F"},{"ty":"tr","p":{"a":0,"k":[0.418,-0.552]},"a":{"a":0,"k":[0,0]},"s":{"a":0,"k":[115.273,115.273]},"r":{"a":0,"k":0},"o":{"a":0,"k":100},"sk":{"a":0,"k":0},"sa":{"a":0,"k":0},"nm":"T"}],"nm":"E"}],"ip":-3,"op":150,"st":0}]},{"id":"comp_2","layers":[{"ind":1,"ty":4,"nm":"C","sr":1,"ks":{"o":{"a":1,"k":[{"i":{"x":[0.833],"y":[0.833]},"o":{"x":[0.167],"y":[0.167]},"t":32.5,"s":[100]},{"t":37.5,"s":[0]}]},"r":{"a":0,"k":0},"p":{"a":0,"k":[60.25,60,0]},"a":{"a":0,"k":[2.336,-2.721,0]},"s":{"a":0,"k":[70,-70,100]}},"ao":0,"shapes":[{"ty":"gr","it":[{"ind":0,"ty":"sh","ks":{"a":0,"k":{"i":[[0,0],[0,0]],"o":[[0,0],[0,0]],"v":[[-19.134,40.654],[35.5,-13.98]],"c":false}},"nm":"P"},{"ty":"st","c":{"a":0,"k":[1,1,1,1]},"o":{"a":0,"k":100},"w":{"a":0,"k":10},"lc":2,"lj":2,"nm":"S"},{"ty":"tr","p":{"a":0,"k":[-7.995,-13.91]},"a":{"a":0,"k":[0,0]},"s":{"a":0,"k":[100,100]},"r":{"a":0,"k":0},"o":{"a":0,"k":100},"sk":{"a":0,"k":0},"sa":{"a":0,"k":0},"nm":"T"}],"nm":"S"},{"ty":"tm","s":{"a":1,"k":[{"i":{"x":[0.667],"y":[1]},"o":{"x":[0.333],"y":[0]},"t":10,"s":[0]},{"t":17.5,"s":[7.864]}]},"e":{"a":1,"k":[{"i":{"x":[0.667],"y":[1]},"o":{"x":[0.333],"y":[0]},"t":10,"s":[0]},{"t":17.5,"s":[100]}]},"o":{"a":0,"k":0},"m":1,"nm":"T"}],"ip":-3,"op":37.5,"st":-7.5},{"ind":2,"ty":4,"nm":"C","sr":1,"ks":{"o":{"a":1,"k":[{"i":{"x":[0.833],"y":[0.833]},"o":{"x":[0.167],"y":[0.167]},"t":32.5,"s":[100]},{"t":37,"s":[0]}]},"r":{"a":0,"k":0},"p":{"a":0,"k":[60,60,0]},"a":{"a":0,"k":[2.336,-2.721,0]},"s":{"a":0,"k":[70,70,100]}},"ao":0,"shapes":[{"ty":"gr","it":[{"ind":0,"ty":"sh","ks":{"a":0,"k":{"i":[[0,0],[0,0]],"o":[[0,0],[0,0]],"v":[[-19.134,40.654],[35.5,-13.98]],"c":false}},"nm":"P"},{"ty":"st","c":{"a":0,"k":[1,1,1,1]},"o":{"a":0,"k":100},"w":{"a":0,"k":10},"lc":2,"lj":2,"nm":"S"},{"ty":"tr","p":{"a":0,"k":[-7.995,-13.91]},"a":{"a":0,"k":[0,0]},"s":{"a":0,"k":[100,100]},"r":{"a":0,"k":0},"o":{"a":0,"k":100},"sk":{"a":0,"k":0},"sa":{"a":0,"k":0},"nm":"T"}],"nm":"S"},{"ty":"tm","s":{"a":1,"k":[{"i":{"x":[0.667],"y":[1]},"o":{"x":[0.333],"y":[0]},"t":5,"s":[0]},{"t":15,"s":[7.864]}]},"e":{"a":1,"k":[{"i":{"x":[0.667],"y":[1]},"o":{"x":[0.333],"y":[0]},"t":5,"s":[0]},{"t":15,"s":[100]}]},"o":{"a":0,"k":0},"m":1,"nm":"T"}],"ip":-3,"op":37.5,"st":-7.5},{"ind":3,"ty":4,"nm":"R","sr":1,"ks":{"o":{"a":0,"k":100},"r":{"a":0,"k":0},"p":{"a":0,"k":[74.439,67.939,0]},"a":{"a":0,"k":[14.039,7.539,0]},"s":{"a":0,"k":[100,100,100]}},"ao":0,"shapes":[{"ty":"gr","it":[{"d":1,"ty":"el","s":{"a":1,"k":[{"i":{"x":[0.667,0.667],"y":[1,1]},"o":{"x":[0.333,0.333],"y":[0,0]},"t":0,"s":[0,0]},{"t":2.5,"s":[84.578,84.578]}]},"p":{"a":0,"k":[0,0]},"nm":"E"},{"ty":"st","c":{"a":0,"k":[0.82,0.843,0.859,1]},"o":{"a":0,"k":100},"w":{"a":0,"k":0},"lc":1,"lj":1,"ml":4,"nm":"S"},{"ty":"fl","c":{"a":0,"k":[0.918,0,0.22,1]},"o":{"a":0,"k":100},"r":1,"nm":"F"},{"ty":"tr","p":{"a":0,"k":[0.418,-0.552]},"a":{"a":0,"k":[0,0]},"s":{"a":0,"k":[115.273,115.273]},"r":{"a":0,"k":0},"o":{"a":1,"k":[{"i":{"x":[0.833],"y":[0.833]},"o":{"x":[0.167],"y":[0.167]},"t":0,"s":[0]},{"t":2.5,"s":[100]}]},"sk":{"a":0,"k":0},"sa":{"a":0,"k":0},"nm":"T"}],"nm":"E"}],"ip":0,"op":37.5,"st":0},{"ind":4,"ty":4,"nm":"R","sr":1,"ks":{"o":{"a":0,"k":100},"r":{"a":0,"k":0},"p":{"a":0,"k":[60.9,59.817,0]},"a":{"a":0,"k":[2.5,-0.5,0]},"s":{"a":0,"k":[36,36,100]}},"ao":0,"shapes":[{"ty":"gr","it":[{"d":1,"ty":"el","s":{"a":0,"k":[300,300]},"p":{"a":0,"k":[0,0]},"nm":"E"},{"ty":"st","c":{"a":0,"k":[0.918,0,0.22,1]},"o":{"a":0,"k":100},"w":{"a":0,"k":20},"lc":2,"lj":1,"ml":4,"nm":"S"},{"ty":"tr","p":{"a":0,"k":[2.5,-0.5]},"a":{"a":0,"k":[0,0]},"s":{"a":0,"k":[100,100]},"r":{"a":0,"k":0},"o":{"a":0,"k":100},"sk":{"a":0,"k":0},"sa":{"a":0,"k":0},"nm":"T"}],"nm":"E"}],"ip":-158,"op":37.5,"st":-158},{"ind":5,"ty":4,"nm":"G","sr":1,"ks":{"o":{"a":0,"k":100},"r":{"a":0,"k":0},"p":{"a":0,"k":[74.439,67.939,0]},"a":{"a":0,"k":[14.039,7.539,0]},"s":{"a":0,"k":[100,100,100]}},"ao":0,"shapes":[{"ty":"gr","it":[{"d":1,"ty":"el","s":{"a":0,"k":[84.578,84.578]},"p":{"a":0,"k":[0,0]},"nm":"E"},{"ty":"st","c":{"a":0,"k":[0.82,0.843,0.859,1]},"o":{"a":0,"k":100},"w":{"a":0,"k":0},"lc":1,"lj":1,"ml":4,"nm":"S"},{"ty":"fl","c":{"a":0,"k":[0.965,0.961,0.957,1]},"o":{"a":0,"k":100},"r":1,"nm":"F"},{"ty":"tr","p":{"a":0,"k":[0.418,-0.552]},"a":{"a":0,"k":[0,0]},"s":{"a":0,"k":[115.273,115.273]},"r":{"a":0,"k":0},"o":{"a":0,"k":100},"sk":{"a":0,"k":0},"sa":{"a":0,"k":0},"nm":"T"}],"nm":"E"}],"ip":-3,"op":37.5,"st":0}]}],"layers":[{"ind":1,"ty":4,"nm":"w","sr":1,"ks":{"o":{"a":0,"k":100},"r":{"a":0,"k":0},"p":{"a":0,"k":[59.564,60.081,0]},"a":{"a":0,"k":[-0.063,-0.5,0]},"s":{"a":0,"k":[88,88,100]}},"ao":0,"shapes":[{"ty":"gr","it":[{"d":1,"ty":"el","s":{"a":0,"k":[120,120]},"p":{"a":0,"k":[0,0]},"nm":"E"},{"ty":"st","c":{"a":0,"k":[0.459,0.467,0.471,1]},"o":{"a":0,"k":100},"w":{"a":0,"k":8},"lc":2,"lj":1,"ml":4,"nm":"S"},{"ty":"tr","p":{"a":0,"k":[1.5,-0.5]},"a":{"a":0,"k":[0,0]},"s":{"a":0,"k":[102.898,102.898]},"r":{"a":0,"k":0},"o":{"a":0,"k":100},"sk":{"a":0,"k":0},"sa":{"a":0,"k":0},"nm":"T"}],"nm":"E"},{"ty":"tm","s":{"a":1,"k":[{"i":{"x":[0.667],"y":[1]},"o":{"x":[0.333],"y":[0]},"t":30,"s":[0]},{"t":61,"s":[100]}]},"e":{"a":1,"k":[{"i":{"x":[0.667],"y":[1]},"o":{"x":[0.333],"y":[0]},"t":0,"s":[0]},{"t":30,"s":[100]}]},"o":{"a":0,"k":0},"m":1,"nm":"T"}],"ip":0,"op":61,"st":0},{"ind":2,"ty":4,"nm":"b","sr":1,"ks":{"o":{"a":0,"k":100},"r":{"a":0,"k":0},"p":{"a":0,"k":[60.9,59.817,0]},"a":{"a":0,"k":[2.5,-0.5,0]},"s":{"a":0,"k":[36,36,100]}},"ao":0,"shapes":[{"ty":"gr","it":[{"d":1,"ty":"el","s":{"a":0,"k":[300,300]},"p":{"a":0,"k":[0,0]},"nm":"E"},{"ty":"st","c":{"a":0,"k":[0.82,0.843,0.859,1]},"o":{"a":0,"k":100},"w":{"a":0,"k":20},"lc":2,"lj":1,"ml":4,"nm":"S"},{"ty":"tr","p":{"a":0,"k":[2.5,-0.5]},"a":{"a":0,"k":[0,0]},"s":{"a":0,"k":[100,100]},"r":{"a":0,"k":0},"o":{"a":0,"k":100},"sk":{"a":0,"k":0},"sa":{"a":0,"k":0},"nm":"T"}],"nm":"E"}],"ip":-158,"op":61,"st":-158},{"ind":3,"ty":0,"nm":"S","refId":"comp_0","sr":1,"ks":{"o":{"a":0,"k":100},"r":{"a":0,"k":0},"p":{"a":0,"k":[60,60,0]},"a":{"a":0,"k":[60,60,0]},"s":{"a":0,"k":[100,100,100]}},"ao":0,"w":120,"h":120,"ip":61,"op":124,"st":61},{"ind":4,"ty":0,"nm":"S","refId":"comp_1","sr":1,"ks":{"o":{"a":0,"k":100},"r":{"a":0,"k":0},"p":{"a":0,"k":[60,60,0]},"a":{"a":0,"k":[60,60,0]},"s":{"a":0,"k":[100,100,100]}},"ao":0,"w":120,"h":120,"ip":124,"op":152,"st":124},{"ind":5,"ty":0,"nm":"e","refId":"comp_2","sr":1,"ks":{"o":{"a":0,"k":100},"r":{"a":0,"k":0},"p":{"a":0,"k":[60,60,0]},"a":{"a":0,"k":[60,60,0]},"s":{"a":0,"k":[100,100,100]}},"ao":0,"w":120,"h":120,"ip":152,"op":302,"st":152}],"markers":[{"tm":0,"cm":"waiting...","dr":61},{"tm":61,"cm":"Sending...","dr":63},{"tm":124,"cm":"Sent","dr":28},{"tm":152,"cm":"Error","dr":30}]}