{"v":"5.11.0","fr":60,"ip":0,"op":181,"w":240,"h":140,"nm":"wds_anim_privacy_check_up","ddd":0,"assets":[],"layers":[{"ddd":0,"ind":1,"ty":4,"nm":"toggle 1","sr":1,"ks":{"p":{"a":1,"k":[{"i":{"x":0.667,"y":1},"o":{"x":0.333,"y":0},"t":27,"s":[174.182,121.292,0],"to":[0,0,0],"ti":[0,0,0]},{"i":{"x":0.667,"y":1},"o":{"x":0.333,"y":0},"t":37,"s":[145.432,121.292,0],"to":[0,0,0],"ti":[0,0,0]},{"i":{"x":0.667,"y":0.667},"o":{"x":0.167,"y":0.167},"t":57,"s":[217.182,121.292,0],"to":[0,0,0],"ti":[0,0,0]},{"i":{"x":0.833,"y":1},"o":{"x":0.167,"y":0},"t":166,"s":[217.182,121.292,0],"to":[0,0,0],"ti":[0,0,0]},{"t":176,"s":[174.182,121.292,0]}],"ix":2,"l":2},"a":{"a":0,"k":[15.458,15.459,0],"ix":1,"l":2}},"ao":0,"shapes":[{"ty":"gr","it":[{"ind":0,"ty":"sh","ix":1,"ks":{"a":0,"k":{"i":[[-6.466,0],[0,6.466],[6.467,0],[0,-6.467]],"o":[[6.467,0],[0,-6.467],[-6.466,0],[0,6.466]],"v":[[-0.001,11.708],[11.708,0.001],[-0.001,-11.708],[-11.708,0.001]],"c":true},"ix":2},"nm":"Path 1","mn":"ADBE Vector Shape - Group","hd":false},{"ty":"st","c":{"a":0,"k":[0.066666666667,0.105882360421,0.129411764706,1],"ix":3},"o":{"a":0,"k":100,"ix":4},"w":{"a":0,"k":1.5,"ix":5},"lc":1,"lj":1,"ml":10,"bm":0,"nm":"Stroke 1","mn":"ADBE Vector Graphic - Stroke","hd":false},{"ty":"fl","c":{"a":0,"k":[0.145098039216,0.819607902976,0.400000029919,1],"ix":4},"o":{"a":0,"k":100,"ix":5},"r":1,"bm":0,"nm":"Fill 1","mn":"ADBE Vector Graphic - Fill","hd":false},{"ty":"tr","p":{"a":0,"k":[15.458,15.459],"ix":2},"a":{"a":0,"k":[0,0],"ix":1},"s":{"a":0,"k":[100,100],"ix":3},"r":{"a":0,"k":0,"ix":6},"o":{"a":0,"k":100,"ix":7},"sk":{"a":0,"k":0,"ix":4},"sa":{"a":0,"k":0,"ix":5},"nm":"Transform"}],"nm":"Group 1","np":3,"cix":2,"bm":0,"ix":1,"mn":"ADBE Vector Group","hd":false}],"ip":0,"op":300,"st":0,"ct":1,"bm":0},{"ddd":0,"ind":2,"ty":4,"nm":"toggle 2","sr":1,"ks":{"p":{"a":0,"k":[158.369,121.295,0],"ix":2,"l":2},"a":{"a":0,"k":[25.768,9.215,0],"ix":1,"l":2}},"ao":0,"shapes":[{"ty":"gr","it":[{"ind":0,"ty":"sh","ix":1,"ks":{"a":1,"k":[{"i":{"x":0.667,"y":1},"o":{"x":0.333,"y":0},"t":27,"s":[{"i":[[0,0],[0,0],[0,4.261],[-4.261,0],[0,0]],"o":[[0,0],[-4.261,0],[0,-4.26],[0,0],[0,0]],"v":[[15.268,7.779],[-16.553,7.715],[-24.268,-0.001],[-16.553,-7.715],[15.268,-7.652]],"c":false}]},{"i":{"x":0.667,"y":1},"o":{"x":0.333,"y":0},"t":37,"s":[{"i":[[0,0],[0,0],[0,4.261],[-4.261,0],[0,0]],"o":[[0,0],[-4.261,0],[0,-4.26],[0,0],[0,0]],"v":[[-9.732,7.85],[-16.553,7.715],[-24.268,-0.001],[-16.553,-7.715],[-9.732,-7.581]],"c":false}]},{"i":{"x":0.667,"y":1},"o":{"x":0.167,"y":0},"t":57,"s":[{"i":[[0,0],[0,0],[0,4.261],[-4.261,0],[0,0]],"o":[[0,0],[-4.261,0],[0,-4.26],[0,0],[0,0]],"v":[[55.018,7.76],[-16.553,7.715],[-24.268,-0.001],[-16.553,-7.715],[55.018,-7.671]],"c":false}]},{"i":{"x":0.833,"y":1},"o":{"x":0.167,"y":0},"t":166,"s":[{"i":[[0,0],[0,0],[0,4.261],[-4.261,0],[0,0]],"o":[[0,0],[-4.261,0],[0,-4.26],[0,0],[0,0]],"v":[[55.018,7.76],[-16.553,7.715],[-24.268,-0.001],[-16.553,-7.715],[55.018,-7.671]],"c":false}]},{"t":176,"s":[{"i":[[0,0],[0,0],[0,4.261],[-4.261,0],[0,0]],"o":[[0,0],[-4.261,0],[0,-4.26],[0,0],[0,0]],"v":[[15.268,7.779],[-16.553,7.715],[-24.268,-0.001],[-16.553,-7.715],[15.268,-7.652]],"c":false}]}],"ix":2},"nm":"Path 1","mn":"ADBE Vector Shape - Group","hd":false},{"ty":"st","c":{"a":0,"k":[0.066666666667,0.105882360421,0.129411764706,1],"ix":3},"o":{"a":0,"k":100,"ix":4},"w":{"a":0,"k":1.5,"ix":5},"lc":1,"lj":1,"ml":4,"bm":0,"nm":"Stroke 1","mn":"ADBE Vector Graphic - Stroke","hd":false},{"ty":"fl","c":{"a":0,"k":[0.145098039216,0.819607902976,0.400000029919,1],"ix":4},"o":{"a":0,"k":100,"ix":5},"r":1,"bm":0,"nm":"Fill 1","mn":"ADBE Vector Graphic - Fill","hd":false},{"ty":"tr","p":{"a":0,"k":[25.768,9.215],"ix":2},"a":{"a":0,"k":[0,0],"ix":1},"s":{"a":0,"k":[100,100],"ix":3},"r":{"a":0,"k":0,"ix":6},"o":{"a":0,"k":100,"ix":7},"sk":{"a":0,"k":0,"ix":4},"sa":{"a":0,"k":0,"ix":5},"nm":"Transform"}],"nm":"Group 1","np":3,"cix":2,"bm":0,"ix":1,"mn":"ADBE Vector Group","hd":false}],"ip":0,"op":300,"st":0,"ct":1,"bm":0},{"ddd":0,"ind":3,"ty":4,"nm":"toggle","sr":1,"ks":{"p":{"a":0,"k":[178.986,121.295,0],"ix":2,"l":2},"a":{"a":0,"k":[46.385,9.215,0],"ix":1,"l":2}},"ao":0,"shapes":[{"ty":"gr","it":[{"ind":0,"ty":"sh","ix":1,"ks":{"a":0,"k":{"i":[[0,0],[0,0],[0.581,1.085],[0.006,0.012],[0.037,0.063],[2.852,0],[0,0],[0,0],[0.001,-4.26],[0,-0.001],[0,0],[-0.528,-1.045],[-0.035,-0.066],[-0.003,-0.005],[-2.923,0],[0,0],[0,0],[-0.001,4.26]],"o":[[0,0],[0,-1.317],[-0.007,-0.012],[-0.035,-0.064],[-1.335,-2.301],[0,0],[0,0],[-4.259,0],[0,0],[0,0],[0,1.251],[0.034,0.067],[0.003,0.005],[1.309,2.397],[0,0],[0,0],[4.259,0],[0,0]],"v":[[44.885,-0.001],[44.885,-0.001],[43.972,-3.641],[43.954,-3.678],[43.841,-3.863],[37.17,-7.715],[-24.195,-7.715],[-37.17,-7.715],[-44.885,-0.001],[-44.885,-0.001],[-44.885,0.001],[-44.052,3.473],[-43.954,3.678],[-43.945,3.691],[-37.17,7.715],[24.195,7.715],[37.17,7.715],[44.885,0.001]],"c":true},"ix":2},"nm":"Path 1","mn":"ADBE Vector Shape - Group","hd":false},{"ty":"st","c":{"a":0,"k":[0.066666666667,0.105882360421,0.129411764706,1],"ix":3},"o":{"a":0,"k":100,"ix":4},"w":{"a":0,"k":1.5,"ix":5},"lc":2,"lj":2,"bm":0,"nm":"Stroke 1","mn":"ADBE Vector Graphic - Stroke","hd":false},{"ty":"fl","c":{"a":0,"k":[1,1,1,1],"ix":4},"o":{"a":0,"k":100,"ix":5},"r":1,"bm":0,"nm":"Fill 1","mn":"ADBE Vector Graphic - Fill","hd":false},{"ty":"tr","p":{"a":0,"k":[46.385,9.215],"ix":2},"a":{"a":0,"k":[0,0],"ix":1},"s":{"a":0,"k":[100,100],"ix":3},"r":{"a":0,"k":0,"ix":6},"o":{"a":0,"k":100,"ix":7},"sk":{"a":0,"k":0,"ix":4},"sa":{"a":0,"k":0,"ix":5},"nm":"Transform"}],"nm":"Group 1","np":3,"cix":2,"bm":0,"ix":1,"mn":"ADBE Vector Group","hd":false}],"ip":0,"op":300,"st":0,"ct":1,"bm":0},{"ddd":0,"ind":4,"ty":4,"nm":"manilla","parent":5,"sr":1,"ks":{"r":{"a":1,"k":[{"i":{"x":[0.667],"y":[1]},"o":{"x":[0.333],"y":[0]},"t":93,"s":[0]},{"i":{"x":[0.667],"y":[1]},"o":{"x":[0.333],"y":[0]},"t":99,"s":[-13]},{"i":{"x":[0.667],"y":[1]},"o":{"x":[0.333],"y":[0]},"t":123,"s":[205]},{"i":{"x":[0.667],"y":[1]},"o":{"x":[0.333],"y":[0]},"t":149,"s":[205]},{"t":164,"s":[0]}],"ix":10},"p":{"a":0,"k":[42.086,43.117,0],"ix":2,"l":2},"a":{"a":0,"k":[7.418,16.04,0],"ix":1,"l":2}},"ao":0,"shapes":[{"ty":"gr","it":[{"ind":0,"ty":"sh","ix":1,"ks":{"a":0,"k":{"i":[[0,0],[0.775,-0.594],[0,0],[-1.79,-1.8],[0,0],[-1.522,2.011],[0,0],[0.708,0.699],[0,0]],"o":[[-0.708,-0.708],[0,0],[-2.02,1.513],[0,0],[1.781,1.78],[0,0],[0.594,-0.795],[0,0],[0,0]],"v":[[9.176,-9.191],[6.582,-9.382],[-7.751,1.369],[-8.191,7.621],[-7.617,8.196],[-1.365,7.755],[9.387,-6.577],[9.196,-9.172],[9.186,-9.172]],"c":true},"ix":2},"nm":"Path 1","mn":"ADBE Vector Shape - Group","hd":false},{"ty":"st","c":{"a":0,"k":[0.066666666667,0.105882360421,0.129411764706,1],"ix":3},"o":{"a":0,"k":100,"ix":4},"w":{"a":0,"k":1.5,"ix":5},"lc":1,"lj":1,"ml":4,"bm":0,"nm":"Stroke 1","mn":"ADBE Vector Graphic - Stroke","hd":false},{"ty":"fl","c":{"a":0,"k":[0.145098039216,0.819607902976,0.400000029919,1],"ix":4},"o":{"a":0,"k":100,"ix":5},"r":1,"bm":0,"nm":"Fill 1","mn":"ADBE Vector Graphic - Fill","hd":false},{"ty":"tr","p":{"a":0,"k":[11.481,11.476],"ix":2},"a":{"a":0,"k":[0,0],"ix":1},"s":{"a":0,"k":[100,100],"ix":3},"r":{"a":0,"k":0,"ix":6},"o":{"a":0,"k":100,"ix":7},"sk":{"a":0,"k":0,"ix":4},"sa":{"a":0,"k":0,"ix":5},"nm":"Transform"}],"nm":"Group 1","np":3,"cix":2,"bm":0,"ix":1,"mn":"ADBE Vector Group","hd":false}],"ip":0,"op":300,"st":0,"ct":1,"bm":0},{"ddd":0,"ind":5,"ty":4,"nm":"disappearing","sr":1,"ks":{"p":{"a":1,"k":[{"i":{"x":0.27,"y":1},"o":{"x":0.167,"y":0.167},"t":93,"s":[180.303,121.295,0],"to":[0,0,0],"ti":[0,0,0]},{"i":{"x":0.27,"y":1},"o":{"x":0.167,"y":0.116},"t":116,"s":[180.303,115.295,0],"to":[0,0,0],"ti":[0,0,0]},{"t":132,"s":[180.303,121.295,0]}],"ix":2,"l":2},"a":{"a":0,"k":[41.53,81.559,0],"ix":1,"l":2},"s":{"a":1,"k":[{"i":{"x":[0.26,0.26,0.26],"y":[1,1,1]},"o":{"x":[0.167,0.167,0.167],"y":[0,0,0]},"t":93,"s":[100,100,100]},{"i":{"x":[0.26,0.26,0.26],"y":[1,1,1]},"o":{"x":[0.167,0.167,0.167],"y":[0,0,0]},"t":94,"s":[100,95,100]},{"i":{"x":[0.26,0.26,0.26],"y":[1,1,1]},"o":{"x":[0.167,0.167,0.167],"y":[0,0,0]},"t":99,"s":[100,100,100]},{"i":{"x":[0.26,0.26,0.26],"y":[1,1,1]},"o":{"x":[0.167,0.167,0.167],"y":[0,0,0]},"t":116,"s":[100,103,100]},{"i":{"x":[0.26,0.26,0.26],"y":[1,1,1]},"o":{"x":[0.167,0.167,0.167],"y":[0,0,0]},"t":128,"s":[100,95,100]},{"t":132,"s":[100,100,100]}],"ix":6,"l":2}},"ao":0,"shapes":[{"ty":"gr","it":[{"ind":0,"ty":"sh","ix":1,"ks":{"a":0,"k":{"i":[[-1.082,0],[0,1.082],[1.081,0],[0,-1.082]],"o":[[1.081,0],[0,-1.082],[-1.082,0],[0,1.082]],"v":[[0.001,1.953],[1.954,0],[0.001,-1.953],[-1.954,0]],"c":true},"ix":2},"nm":"Path 1","mn":"ADBE Vector Shape - Group","hd":false},{"ty":"st","c":{"a":0,"k":[0.066666666667,0.105882360421,0.129411764706,1],"ix":3},"o":{"a":0,"k":100,"ix":4},"w":{"a":0,"k":1.5,"ix":5},"lc":1,"lj":1,"ml":4,"bm":0,"nm":"Stroke 1","mn":"ADBE Vector Graphic - Stroke","hd":false},{"ty":"fl","c":{"a":0,"k":[0.145098039216,0.819607902976,0.400000029919,1],"ix":4},"o":{"a":0,"k":100,"ix":5},"r":1,"bm":0,"nm":"Fill 1","mn":"ADBE Vector Graphic - Fill","hd":false},{"ty":"tr","p":{"a":0,"k":[56.752,69.4],"ix":2},"a":{"a":0,"k":[0,0],"ix":1},"s":{"a":0,"k":[100,100],"ix":3},"r":{"a":0,"k":0,"ix":6},"o":{"a":0,"k":100,"ix":7},"sk":{"a":0,"k":0,"ix":4},"sa":{"a":0,"k":0,"ix":5},"nm":"Transform"}],"nm":"Group 1","np":3,"cix":2,"bm":0,"ix":1,"mn":"ADBE Vector Group","hd":false},{"ty":"gr","it":[{"ind":0,"ty":"sh","ix":1,"ks":{"a":0,"k":{"i":[[-1.082,0],[0,1.082],[1.082,0],[0,-1.082]],"o":[[1.082,0],[0,-1.082],[-1.082,0],[0,1.082]],"v":[[0,1.953],[1.953,0],[0,-1.953],[-1.953,0]],"c":true},"ix":2},"nm":"Path 1","mn":"ADBE Vector Shape - Group","hd":false},{"ty":"st","c":{"a":0,"k":[0.066666666667,0.105882360421,0.129411764706,1],"ix":3},"o":{"a":0,"k":100,"ix":4},"w":{"a":0,"k":1.5,"ix":5},"lc":1,"lj":1,"ml":4,"bm":0,"nm":"Stroke 1","mn":"ADBE Vector Graphic - Stroke","hd":false},{"ty":"fl","c":{"a":0,"k":[0.145098039216,0.819607902976,0.400000029919,1],"ix":4},"o":{"a":0,"k":100,"ix":5},"r":1,"bm":0,"nm":"Fill 1","mn":"ADBE Vector Graphic - Fill","hd":false},{"ty":"tr","p":{"a":0,"k":[67.954,58.179],"ix":2},"a":{"a":0,"k":[0,0],"ix":1},"s":{"a":0,"k":[100,100],"ix":3},"r":{"a":0,"k":0,"ix":6},"o":{"a":0,"k":100,"ix":7},"sk":{"a":0,"k":0,"ix":4},"sa":{"a":0,"k":0,"ix":5},"nm":"Transform"}],"nm":"Group 2","np":3,"cix":2,"bm":0,"ix":2,"mn":"ADBE Vector Group","hd":false},{"ty":"gr","it":[{"ind":0,"ty":"sh","ix":1,"ks":{"a":0,"k":{"i":[[-1.082,0],[0,1.082],[1.082,0],[0,-1.082]],"o":[[1.082,0],[0,-1.082],[-1.082,0],[0,1.082]],"v":[[0,1.953],[1.953,0],[0,-1.953],[-1.953,0]],"c":true},"ix":2},"nm":"Path 1","mn":"ADBE Vector Shape - Group","hd":false},{"ty":"st","c":{"a":0,"k":[0.066666666667,0.105882360421,0.129411764706,1],"ix":3},"o":{"a":0,"k":100,"ix":4},"w":{"a":0,"k":1.5,"ix":5},"lc":1,"lj":1,"ml":4,"bm":0,"nm":"Stroke 1","mn":"ADBE Vector Graphic - Stroke","hd":false},{"ty":"fl","c":{"a":0,"k":[0.145098039216,0.819607902976,0.400000029919,1],"ix":4},"o":{"a":0,"k":100,"ix":5},"r":1,"bm":0,"nm":"Fill 1","mn":"ADBE Vector Graphic - Fill","hd":false},{"ty":"tr","p":{"a":0,"k":[72.253,42.133],"ix":2},"a":{"a":0,"k":[0,0],"ix":1},"s":{"a":0,"k":[100,100],"ix":3},"r":{"a":0,"k":0,"ix":6},"o":{"a":0,"k":100,"ix":7},"sk":{"a":0,"k":0,"ix":4},"sa":{"a":0,"k":0,"ix":5},"nm":"Transform"}],"nm":"Group 3","np":3,"cix":2,"bm":0,"ix":3,"mn":"ADBE Vector Group","hd":false},{"ty":"gr","it":[{"ind":0,"ty":"sh","ix":1,"ks":{"a":0,"k":{"i":[[-1.082,0],[0,1.082],[1.082,0],[0,-1.082]],"o":[[1.082,0],[0,-1.082],[-1.082,0],[0,1.082]],"v":[[0,1.953],[1.953,0],[0,-1.953],[-1.953,0]],"c":true},"ix":2},"nm":"Path 1","mn":"ADBE Vector Shape - Group","hd":false},{"ty":"st","c":{"a":0,"k":[0.066666666667,0.105882360421,0.129411764706,1],"ix":3},"o":{"a":0,"k":100,"ix":4},"w":{"a":0,"k":1.5,"ix":5},"lc":1,"lj":1,"ml":4,"bm":0,"nm":"Stroke 1","mn":"ADBE Vector Graphic - Stroke","hd":false},{"ty":"fl","c":{"a":0,"k":[0.145098039216,0.819607902976,0.400000029919,1],"ix":4},"o":{"a":0,"k":100,"ix":5},"r":1,"bm":0,"nm":"Fill 1","mn":"ADBE Vector Graphic - Fill","hd":false},{"ty":"tr","p":{"a":0,"k":[67.944,26.047],"ix":2},"a":{"a":0,"k":[0,0],"ix":1},"s":{"a":0,"k":[100,100],"ix":3},"r":{"a":0,"k":0,"ix":6},"o":{"a":0,"k":100,"ix":7},"sk":{"a":0,"k":0,"ix":4},"sa":{"a":0,"k":0,"ix":5},"nm":"Transform"}],"nm":"Group 4","np":3,"cix":2,"bm":0,"ix":4,"mn":"ADBE Vector Group","hd":false},{"ty":"gr","it":[{"ind":0,"ty":"sh","ix":1,"ks":{"a":0,"k":{"i":[[-1.082,0],[0,1.082],[1.082,0],[0,-1.082]],"o":[[1.082,0],[0,-1.082],[-1.082,0],[0,1.082]],"v":[[0,1.953],[1.953,0],[0,-1.953],[-1.953,0]],"c":true},"ix":2},"nm":"Path 1","mn":"ADBE Vector Shape - Group","hd":false},{"ty":"st","c":{"a":0,"k":[0.066666666667,0.105882360421,0.129411764706,1],"ix":3},"o":{"a":0,"k":100,"ix":4},"w":{"a":0,"k":1.5,"ix":5},"lc":1,"lj":1,"ml":4,"bm":0,"nm":"Stroke 1","mn":"ADBE Vector Graphic - Stroke","hd":false},{"ty":"fl","c":{"a":0,"k":[0.145098039216,0.819607902976,0.400000029919,1],"ix":4},"o":{"a":0,"k":100,"ix":5},"r":1,"bm":0,"nm":"Fill 1","mn":"ADBE Vector Graphic - Fill","hd":false},{"ty":"tr","p":{"a":0,"k":[56.168,14.109],"ix":2},"a":{"a":0,"k":[0,0],"ix":1},"s":{"a":0,"k":[100,100],"ix":3},"r":{"a":0,"k":0,"ix":6},"o":{"a":0,"k":100,"ix":7},"sk":{"a":0,"k":0,"ix":4},"sa":{"a":0,"k":0,"ix":5},"nm":"Transform"}],"nm":"Group 5","np":3,"cix":2,"bm":0,"ix":5,"mn":"ADBE Vector Group","hd":false},{"ty":"gr","it":[{"ind":0,"ty":"sh","ix":1,"ks":{"a":0,"k":{"i":[[0,0],[1.924,-14.571],[-19.933,-1.57]],"o":[[-16.506,1.005],[-2.279,17.282],[0,0]],"v":[[16.927,-32.15],[-14.648,-4.395],[16.927,32.15]],"c":false},"ix":2},"nm":"Path 1","mn":"ADBE Vector Shape - Group","hd":false},{"ty":"st","c":{"a":0,"k":[0.066666666667,0.105882360421,0.129411764706,1],"ix":3},"o":{"a":0,"k":100,"ix":4},"w":{"a":0,"k":1.5,"ix":5},"lc":2,"lj":2,"bm":0,"nm":"Stroke 1","mn":"ADBE Vector Graphic - Stroke","hd":false},{"ty":"fl","c":{"a":0,"k":[0.145098039216,0.819607902976,0.400000029919,1],"ix":4},"o":{"a":0,"k":100,"ix":5},"r":1,"bm":0,"nm":"Fill 1","mn":"ADBE Vector Graphic - Fill","hd":false},{"ty":"tr","p":{"a":0,"k":[23.75,41.539],"ix":2},"a":{"a":0,"k":[0,0],"ix":1},"s":{"a":0,"k":[100,100],"ix":3},"r":{"a":0,"k":0,"ix":6},"o":{"a":0,"k":100,"ix":7},"sk":{"a":0,"k":0,"ix":4},"sa":{"a":0,"k":0,"ix":5},"nm":"Transform"}],"nm":"Group 6","np":3,"cix":2,"bm":0,"ix":6,"mn":"ADBE Vector Group","hd":false},{"ty":"gr","it":[{"ind":0,"ty":"sh","ix":1,"ks":{"a":0,"k":{"i":[[-22.107,0],[0,22.107],[22.107,0],[0,-22.107]],"o":[[22.107,0],[0,-22.107],[-22.107,0],[0,22.107]],"v":[[-0.001,40.03],[40.03,-0.001],[-0.001,-40.03],[-40.03,-0.001]],"c":true},"ix":2},"nm":"Path 1","mn":"ADBE Vector Shape - Group","hd":false},{"ty":"st","c":{"a":0,"k":[0.066666666667,0.105882360421,0.129411764706,1],"ix":3},"o":{"a":0,"k":100,"ix":4},"w":{"a":0,"k":1.5,"ix":5},"lc":1,"lj":1,"ml":4,"bm":0,"nm":"Stroke 1","mn":"ADBE Vector Graphic - Stroke","hd":false},{"ty":"fl","c":{"a":0,"k":[0.145098039216,0.819607902976,0.400000029919,1],"ix":4},"o":{"a":0,"k":100,"ix":5},"r":1,"bm":0,"nm":"Fill 1","mn":"ADBE Vector Graphic - Fill","hd":false},{"ty":"tr","p":{"a":0,"k":[41.53,41.53],"ix":2},"a":{"a":0,"k":[0,0],"ix":1},"s":{"a":0,"k":[100,100],"ix":3},"r":{"a":0,"k":0,"ix":6},"o":{"a":0,"k":100,"ix":7},"sk":{"a":0,"k":0,"ix":4},"sa":{"a":0,"k":0,"ix":5},"nm":"Transform"}],"nm":"Group 7","np":3,"cix":2,"bm":0,"ix":7,"mn":"ADBE Vector Group","hd":false}],"ip":0,"op":300,"st":0,"ct":1,"bm":0},{"ddd":0,"ind":6,"ty":4,"nm":"Group 1","parent":7,"sr":1,"ks":{"p":{"a":1,"k":[{"i":{"x":0.28,"y":1},"o":{"x":0.167,"y":0.235},"t":86,"s":[44.972,71.887,0],"to":[0,0,0],"ti":[0,0,0]},{"i":{"x":0.28,"y":1},"o":{"x":0.167,"y":0.266},"t":105,"s":[44.972,67.065,0],"to":[0,0,0],"ti":[0,0,0]},{"t":122,"s":[44.972,71.887,0]}],"ix":2,"l":2},"a":{"a":0,"k":[44.972,73.806,0],"ix":1,"l":2},"s":{"a":0,"k":[100,105.263,100],"ix":6,"l":2}},"ao":0,"shapes":[{"ty":"gr","it":[{"ind":0,"ty":"sh","ix":1,"ks":{"a":0,"k":{"i":[[0,0],[0,0],[-0.084,3.778],[5.219,0.121],[0.122,-5.218],[-3.394,-1.496],[0,0],[0,0]],"o":[[0,0],[3.245,-1.441],[0.112,-5.218],[-5.218,-0.113],[-0.084,3.937],[0,0],[0,0],[0,0]],"v":[[13.747,20.49],[3.646,-2.291],[9.268,-10.717],[0.028,-20.377],[-9.633,-11.138],[-3.994,-2.282],[-13.747,19.882],[13.738,20.48]],"c":true},"ix":2},"nm":"Path 1","mn":"ADBE Vector Shape - Group","hd":false},{"ty":"st","c":{"a":0,"k":[0.066666666667,0.105882360421,0.129411764706,1],"ix":3},"o":{"a":0,"k":100,"ix":4},"w":{"a":0,"k":1.5,"ix":5},"lc":2,"lj":2,"bm":0,"nm":"Stroke 1","mn":"ADBE Vector Graphic - Stroke","hd":false},{"ty":"fl","c":{"a":0,"k":[0.894117706897,1,0.847058883368,1],"ix":4},"o":{"a":0,"k":100,"ix":5},"r":1,"bm":0,"nm":"Fill 1","mn":"ADBE Vector Graphic - Fill","hd":false},{"ty":"tr","p":{"a":0,"k":[44.972,73.75],"ix":2},"a":{"a":0,"k":[0,0],"ix":1},"s":{"a":0,"k":[100,100],"ix":3},"r":{"a":0,"k":0,"ix":6},"o":{"a":0,"k":100,"ix":7},"sk":{"a":0,"k":0,"ix":4},"sa":{"a":0,"k":0,"ix":5},"nm":"Transform"}],"nm":"Group 1","np":3,"cix":2,"bm":0,"ix":1,"mn":"ADBE Vector Group","hd":false}],"ip":0,"op":300,"st":0,"ct":1,"bm":0},{"ddd":0,"ind":7,"ty":4,"nm":"Group 2","sr":1,"ks":{"p":{"s":true,"x":{"a":0,"k":118.74,"ix":3},"y":{"a":1,"k":[{"i":{"x":[0.27],"y":[1]},"o":{"x":[0.167],"y":[0.167]},"t":83,"s":[121.592]},{"i":{"x":[0.27],"y":[1]},"o":{"x":[0.167],"y":[0.116]},"t":101,"s":[114.592]},{"t":117,"s":[121.592]}],"ix":4}},"a":{"a":0,"k":[44.985,110.249,0],"ix":1,"l":2},"s":{"a":1,"k":[{"i":{"x":[0.833,0.833,0.833],"y":[1,1,1]},"o":{"x":[0.167,0.167,0.167],"y":[0,0,0]},"t":80,"s":[100,100,100]},{"i":{"x":[0.833,0.833,0.833],"y":[1,1,1]},"o":{"x":[0.167,0.167,0.167],"y":[0,0,0]},"t":83,"s":[100,95,100]},{"i":{"x":[0.833,0.833,0.833],"y":[1,1,1]},"o":{"x":[0.167,0.167,0.167],"y":[0,0,0]},"t":101,"s":[100,103,100]},{"i":{"x":[0.62,0.62,0.62],"y":[1,1,1]},"o":{"x":[0.159,0.159,0.159],"y":[0,0,0]},"t":117,"s":[100,95,100]},{"t":122,"s":[100,100,100]}],"ix":6,"l":2}},"ao":0,"shapes":[{"ty":"gr","it":[{"ind":0,"ty":"sh","ix":1,"ks":{"a":0,"k":{"i":[[12.847,0.28],[0,0],[0.28,-12.847],[0,0],[-12.847,-0.28],[0,0],[-0.28,12.847],[0,0]],"o":[[0,0],[-12.847,-0.28],[0,0],[-0.28,12.847],[0,0],[12.847,0.281],[0,0],[0.28,-12.847]],"v":[[20.452,-35.131],[-18.9,-35.99],[-42.669,-13.236],[-43.206,11.362],[-20.452,35.131],[18.9,35.989],[42.669,13.236],[43.206,-11.362]],"c":true},"ix":2},"nm":"Path 1","mn":"ADBE Vector Shape - Group","hd":false},{"ty":"st","c":{"a":0,"k":[0.066666666667,0.105882360421,0.129411764706,1],"ix":3},"o":{"a":0,"k":100,"ix":4},"w":{"a":0,"k":1.5,"ix":5},"lc":2,"lj":2,"bm":0,"nm":"Stroke 1","mn":"ADBE Vector Graphic - Stroke","hd":false},{"ty":"fl","c":{"a":0,"k":[0.894117706897,1,0.847058883368,1],"ix":4},"o":{"a":0,"k":100,"ix":5},"r":1,"bm":0,"nm":"Fill 1","mn":"ADBE Vector Graphic - Fill","hd":false},{"ty":"tr","p":{"a":0,"k":[44.985,74.255],"ix":2},"a":{"a":0,"k":[0,0],"ix":1},"s":{"a":0,"k":[100,100],"ix":3},"r":{"a":0,"k":0,"ix":6},"o":{"a":0,"k":100,"ix":7},"sk":{"a":0,"k":0,"ix":4},"sa":{"a":0,"k":0,"ix":5},"nm":"Transform"}],"nm":"Group 2","np":3,"cix":2,"bm":0,"ix":1,"mn":"ADBE Vector Group","hd":false}],"ip":0,"op":300,"st":0,"ct":1,"bm":0},{"ddd":0,"ind":8,"ty":4,"nm":"Group 3","parent":7,"sr":1,"ks":{"p":{"a":1,"k":[{"i":{"x":0.667,"y":1},"o":{"x":0.333,"y":0},"t":100,"s":[44.987,33.888,0],"to":[0,0,0],"ti":[0,0,0]},{"i":{"x":0.667,"y":1},"o":{"x":0.333,"y":0},"t":114,"s":[44.987,28.917,0],"to":[0,0,0],"ti":[0,0,0]},{"t":125,"s":[44.987,33.888,0]}],"ix":2,"l":2},"a":{"a":0,"k":[44.987,33.888,0],"ix":1,"l":2}},"ao":0,"shapes":[{"ty":"gr","it":[{"ind":0,"ty":"sh","ix":1,"ks":{"a":0,"k":{"i":[[-4.486,0.086],[0,4.366],[0,0],[10.96,-0.159],[0,0],[0,0],[0,0],[0,0],[0.234,-10.978],[0,0],[0,0],[0,0],[-3.114,-0.065],[0.075,-3.114],[0,0]],"o":[[4.365,-0.084],[0,0],[-0.243,-10.978],[0,0],[0,0],[0,0],[0,0],[-10.96,-0.159],[0,0],[0,0],[0,0],[0.065,-3.114],[3.114,0.066],[0,0],[0,4.487]],"v":[[13.448,32.152],[21.308,24.139],[21.308,-12.615],[0.07,-32.15],[0.061,-32.15],[-0.005,-32.15],[-0.071,-32.15],[-0.08,-32.15],[-20.336,-12.615],[-21.308,32.001],[-7.112,32.309],[-5.99,-12.287],[-0.23,-17.805],[5.279,-12.044],[5.279,24.139]],"c":true},"ix":2},"nm":"Path 1","mn":"ADBE Vector Shape - Group","hd":false},{"ty":"st","c":{"a":0,"k":[0.066666666667,0.105882360421,0.129411764706,1],"ix":3},"o":{"a":0,"k":100,"ix":4},"w":{"a":0,"k":1.5,"ix":5},"lc":2,"lj":2,"bm":0,"nm":"Stroke 1","mn":"ADBE Vector Graphic - Stroke","hd":false},{"ty":"fl","c":{"a":0,"k":[0.894117706897,1,0.847058883368,1],"ix":4},"o":{"a":0,"k":100,"ix":5},"r":1,"bm":0,"nm":"Fill 1","mn":"ADBE Vector Graphic - Fill","hd":false},{"ty":"tr","p":{"a":0,"k":[44.987,33.809],"ix":2},"a":{"a":0,"k":[0,0],"ix":1},"s":{"a":0,"k":[100,100],"ix":3},"r":{"a":0,"k":0,"ix":6},"o":{"a":0,"k":100,"ix":7},"sk":{"a":0,"k":0,"ix":4},"sa":{"a":0,"k":0,"ix":5},"nm":"Transform"}],"nm":"Group 3","np":3,"cix":2,"bm":0,"ix":1,"mn":"ADBE Vector Group","hd":false}],"ip":0,"op":300,"st":0,"ct":1,"bm":0},{"ddd":0,"ind":9,"ty":4,"nm":"no","sr":1,"ks":{"p":{"a":1,"k":[{"i":{"x":0.28,"y":1},"o":{"x":0.167,"y":0.167},"t":74,"s":[56.888,119.073,0],"to":[0,0,0],"ti":[0,0,0]},{"i":{"x":0.28,"y":1},"o":{"x":0.167,"y":0.167},"t":87,"s":[56.888,106.073,0],"to":[0,0,0],"ti":[0,0,0]},{"t":103,"s":[56.888,119.073,0]}],"ix":2,"l":2},"a":{"a":0,"k":[47.961,88.721,0],"ix":1,"l":2},"s":{"a":1,"k":[{"i":{"x":[0.32,0.32,0.32],"y":[1,1,1]},"o":{"x":[0.167,0.167,0.167],"y":[0,0,0]},"t":63,"s":[100,100,100]},{"i":{"x":[0.32,0.32,0.32],"y":[1,1,1]},"o":{"x":[0.167,0.167,0.167],"y":[0,0,0]},"t":74,"s":[100,90,100]},{"i":{"x":[0.32,0.32,0.32],"y":[1,1,1]},"o":{"x":[0.167,0.167,0.167],"y":[0,0,0]},"t":87,"s":[100,102,100]},{"i":{"x":[0.32,0.32,0.32],"y":[1,1,1]},"o":{"x":[0.167,0.167,0.167],"y":[0,0,0]},"t":99,"s":[100,90,100]},{"t":110,"s":[100,100,100]}],"ix":6,"l":2}},"ao":0,"shapes":[{"ty":"gr","it":[{"ind":0,"ty":"sh","ix":1,"ks":{"a":0,"k":{"i":[[2.316,-7.519],[0,0],[-1.515,0.972],[-8.262,-12.922]],"o":[[0,0],[1.267,-1.201],[12.932,-8.253],[4.565,7.156]],"v":[[26.516,8.191],[-19.121,-20.132],[-14.957,-23.399],[23.4,-14.938]],"c":true},"ix":2},"nm":"Path 1","mn":"ADBE Vector Shape - Group","hd":false},{"ind":1,"ty":"sh","ix":2,"ks":{"a":0,"k":{"i":[[0,0],[8.262,12.922],[-2.544,7.662],[0,0],[1.696,-1.086]],"o":[[-12.932,8.252],[-4.688,-7.337],[0,0],[-1.372,1.363],[0,0]],"v":[[14.938,23.41],[-23.419,14.947],[-26.354,-8.753],[19.531,19.731],[14.928,23.419]],"c":true},"ix":2},"nm":"Path 2","mn":"ADBE Vector Shape - Group","hd":false},{"ind":2,"ty":"sh","ix":3,"ks":{"a":0,"k":{"i":[[12.112,18.973],[18.973,-12.112],[-12.112,-18.974],[-18.973,12.112]],"o":[[-12.112,-18.973],[-18.974,12.112],[12.112,18.973],[18.974,-12.113]],"v":[[34.349,-21.932],[-21.932,-34.35],[-34.349,21.933],[21.932,34.35]],"c":true},"ix":2},"nm":"Path 3","mn":"ADBE Vector Shape - Group","hd":false},{"ty":"mm","mm":1,"nm":"Merge Paths 1","mn":"ADBE Vector Filter - Merge","hd":false},{"ty":"st","c":{"a":0,"k":[0.066666666667,0.105882360421,0.129411764706,1],"ix":3},"o":{"a":0,"k":100,"ix":4},"w":{"a":0,"k":1.5,"ix":5},"lc":2,"lj":2,"bm":0,"nm":"Stroke 1","mn":"ADBE Vector Graphic - Stroke","hd":false},{"ty":"fl","c":{"a":0,"k":[0.980392216701,0.952941236309,0.913725550034,1],"ix":4},"o":{"a":0,"k":100,"ix":5},"r":1,"bm":0,"nm":"Fill 1","mn":"ADBE Vector Graphic - Fill","hd":false},{"ty":"tr","p":{"a":0,"k":[47.961,47.962],"ix":2},"a":{"a":0,"k":[0,0],"ix":1},"s":{"a":0,"k":[100,100],"ix":3},"r":{"a":0,"k":0,"ix":6},"o":{"a":0,"k":100,"ix":7},"sk":{"a":0,"k":0,"ix":4},"sa":{"a":0,"k":0,"ix":5},"nm":"Transform"}],"nm":"Group 1","np":6,"cix":2,"bm":0,"ix":1,"mn":"ADBE Vector Group","hd":false}],"ip":0,"op":300,"st":0,"ct":1,"bm":0}],"markers":[],"props":{}}