{"v":"5.11.0","fr":60,"ip":0,"op":51,"w":180,"h":120,"nm":"wds_anim_E2EE","ddd":0,"assets":[],"layers":[{"ddd":0,"ind":1,"ty":4,"nm":"lock","sr":1,"ks":{"p":{"a":0,"k":[43.843,119.054,0],"ix":2,"l":2},"a":{"a":0,"k":[44.239,73.728,0],"ix":1,"l":2}},"ao":0,"shapes":[{"ty":"gr","it":[{"ind":0,"ty":"sh","ix":1,"ks":{"a":0,"k":{"i":[[0,0],[0,0],[0.047,2.416],[3.334,-0.065],[-0.065,-3.334],[-2.208,-0.859],[0,0],[0,0]],"o":[[0,0],[2.035,-1.006],[-0.065,-3.334],[-3.333,0.065],[0.049,2.512],[0,0],[0,0],[0,0]],"v":[[8.781,12.726],[1.736,-1.548],[5.1,-7.075],[-1.057,-12.996],[-6.978,-6.839],[-3.141,-1.34],[-8.781,13.061],[8.773,12.718]],"c":true},"ix":2},"nm":"Path 1","mn":"ADBE Vector Shape - Group","hd":false},{"ty":"st","c":{"a":0,"k":[0.066666666667,0.105882360421,0.129411764706,1],"ix":3},"o":{"a":0,"k":100,"ix":4},"w":{"a":0,"k":1.504,"ix":5},"lc":2,"lj":2,"bm":0,"nm":"Stroke 1","mn":"ADBE Vector Graphic - Stroke","hd":false},{"ty":"fl","c":{"a":0,"k":[0.980392216701,0.952941236309,0.913725550034,1],"ix":4},"o":{"a":0,"k":100,"ix":5},"r":1,"bm":0,"nm":"Fill 1","mn":"ADBE Vector Graphic - Fill","hd":false},{"ty":"tr","p":{"a":0,"k":[29.778,49.819],"ix":2},"a":{"a":0,"k":[0,0],"ix":1},"s":{"a":0,"k":[100,100],"ix":3},"r":{"a":0,"k":0,"ix":6},"o":{"a":0,"k":100,"ix":7},"sk":{"a":0,"k":0,"ix":4},"sa":{"a":0,"k":0,"ix":5},"nm":"Transform"}],"nm":"Group 1","np":3,"cix":2,"bm":0,"ix":1,"mn":"ADBE Vector Group","hd":false},{"ty":"gr","it":[{"ind":0,"ty":"sh","ix":1,"ks":{"a":0,"k":{"i":[[8.561,-0.167],[0,0],[-0.166,-8.561],[0,0],[-8.561,0.167],[0,0],[0.167,8.561],[0,0]],"o":[[0,0],[-8.561,0.167],[0,0],[0.167,8.56],[0,0],[8.561,-0.167],[0,0],[-0.167,-8.56]],"v":[[11.483,-22.948],[-12.368,-22.483],[-27.568,-6.68],[-27.286,7.75],[-11.482,22.948],[12.369,22.483],[27.567,6.68],[27.286,-7.75]],"c":true},"ix":2},"nm":"Path 1","mn":"ADBE Vector Shape - Group","hd":false},{"ty":"st","c":{"a":0,"k":[0.066666666667,0.105882360421,0.129411764706,1],"ix":3},"o":{"a":0,"k":100,"ix":4},"w":{"a":0,"k":1.504,"ix":5},"lc":2,"lj":2,"bm":0,"nm":"Stroke 1","mn":"ADBE Vector Graphic - Stroke","hd":false},{"ty":"fl","c":{"a":0,"k":[0.980392216701,0.952941236309,0.913725550034,1],"ix":4},"o":{"a":0,"k":100,"ix":5},"r":1,"bm":0,"nm":"Fill 1","mn":"ADBE Vector Graphic - Fill","hd":false},{"ty":"tr","p":{"a":0,"k":[29.237,50.35],"ix":2},"a":{"a":0,"k":[0,0],"ix":1},"s":{"a":0,"k":[100,100],"ix":3},"r":{"a":0,"k":0,"ix":6},"o":{"a":0,"k":100,"ix":7},"sk":{"a":0,"k":0,"ix":4},"sa":{"a":0,"k":0,"ix":5},"nm":"Transform"}],"nm":"Group 2","np":3,"cix":2,"bm":0,"ix":2,"mn":"ADBE Vector Group","hd":false},{"ty":"gr","it":[{"ind":0,"ty":"sh","ix":1,"ks":{"a":0,"k":{"i":[[0,0],[-7.754,0.151],[0,0],[-0.866,-7.057],[-0.01,-0.491],[2.589,-0.141],[0,0],[0.384,2.567],[0,0],[2.191,-0.043],[-0.043,-2.191],[0,0],[0,0]],"o":[[-0.151,-7.754],[0,0],[7.264,-0.142],[0.058,0.477],[0.19,2.587],[0,0],[-2.592,0.141],[0,0],[-0.042,-2.19],[-2.19,0.042],[0,0],[0,0],[0,0]],"v":[[-14.258,-9.661],[-0.489,-23.979],[-0.481,-23.979],[13.734,-11.663],[13.985,3.447],[9.616,8.413],[9.21,8.435],[3.961,4.155],[3.739,-9.996],[-0.3,-13.881],[-4.184,-9.842],[-1.953,24.12],[-13.646,21.719]],"c":true},"ix":2},"nm":"Path 1","mn":"ADBE Vector Shape - Group","hd":false},{"ty":"st","c":{"a":0,"k":[0.066666666667,0.105882360421,0.129411764706,1],"ix":3},"o":{"a":0,"k":100,"ix":4},"w":{"a":0,"k":1.504,"ix":5},"lc":2,"lj":2,"bm":0,"nm":"Stroke 1","mn":"ADBE Vector Graphic - Stroke","hd":false},{"ty":"fl","c":{"a":0,"k":[0.980392216701,0.952941236309,0.913725550034,1],"ix":4},"o":{"a":0,"k":100,"ix":5},"r":1,"bm":0,"nm":"Fill 1","mn":"ADBE Vector Graphic - Fill","hd":false},{"ty":"tr","p":{"a":1,"k":[{"i":{"x":0.667,"y":1},"o":{"x":0.333,"y":0},"t":0,"s":[28.365,15.624],"to":[0,0],"ti":[0,0]},{"i":{"x":1,"y":1},"o":{"x":1,"y":0},"t":9,"s":[28.365,14.624],"to":[0,0],"ti":[0,0]},{"t":24,"s":[28.365,25.624]}],"ix":2},"a":{"a":0,"k":[0,0],"ix":1},"s":{"a":0,"k":[100,100],"ix":3},"r":{"a":0,"k":0,"ix":6},"o":{"a":0,"k":100,"ix":7},"sk":{"a":0,"k":0,"ix":4},"sa":{"a":0,"k":0,"ix":5},"nm":"Transform"}],"nm":"Group 3","np":3,"cix":2,"bm":0,"ix":3,"mn":"ADBE Vector Group","hd":false}],"ip":0,"op":300,"st":0,"ct":1,"bm":0},{"ddd":0,"ind":2,"ty":4,"nm":"cloud","sr":1,"ks":{"p":{"a":0,"k":[137.775,96.871,0],"ix":2,"l":2},"a":{"a":0,"k":[42.386,22.402,0],"ix":1,"l":2}},"ao":0,"shapes":[{"ty":"gr","it":[{"ind":0,"ty":"sh","ix":1,"ks":{"a":0,"k":{"i":[[7.534,0],[2.319,-1.85],[10.386,0],[2.352,-8.961],[1.862,0],[0,-7.534],[-7.534,0],[0,0],[0,7.534]],"o":[[-3.21,0],[-1.627,-9.92],[-9.698,0],[-1.616,-0.68],[-7.523,0],[0,7.534],[0,0],[7.523,0],[0,-7.534]],"v":[[27.251,-6.364],[18.78,-3.399],[-1.817,-20.898],[-22.002,-5.316],[-27.252,-6.364],[-40.882,7.267],[-27.252,20.898],[27.251,20.898],[40.882,7.267]],"c":true},"ix":2},"nm":"Path 1","mn":"ADBE Vector Shape - Group","hd":false},{"ty":"st","c":{"a":0,"k":[0.066666666667,0.105882360421,0.129411764706,1],"ix":3},"o":{"a":0,"k":100,"ix":4},"w":{"a":0,"k":1.504,"ix":5},"lc":2,"lj":2,"bm":0,"nm":"Stroke 1","mn":"ADBE Vector Graphic - Stroke","hd":false},{"ty":"fl","c":{"a":0,"k":[1,1,1,1],"ix":4},"o":{"a":0,"k":100,"ix":5},"r":1,"bm":0,"nm":"Fill 1","mn":"ADBE Vector Graphic - Fill","hd":false},{"ty":"tr","p":{"a":0,"k":[42.386,22.402],"ix":2},"a":{"a":0,"k":[0,0],"ix":1},"s":{"a":0,"k":[100,100],"ix":3},"r":{"a":0,"k":0,"ix":6},"o":{"a":0,"k":100,"ix":7},"sk":{"a":0,"k":0,"ix":4},"sa":{"a":0,"k":0,"ix":5},"nm":"Transform"}],"nm":"Group 1","np":3,"cix":2,"bm":0,"ix":1,"mn":"ADBE Vector Group","hd":false}],"ip":0,"op":300,"st":0,"ct":1,"bm":0},{"ddd":0,"ind":3,"ty":4,"nm":"folder front","sr":1,"ks":{"p":{"a":0,"k":[75.691,68.895,0],"ix":2,"l":2},"a":{"a":0,"k":[64.383,41.361,0],"ix":1,"l":2}},"ao":0,"shapes":[{"ty":"gr","it":[{"ind":0,"ty":"sh","ix":1,"ks":{"a":1,"k":[{"i":{"x":0.667,"y":1},"o":{"x":0.333,"y":0},"t":24,"s":[{"i":[[0,0],[0,0],[0,0],[5.17,0],[0,0],[0,0],[1.148,0],[0,0],[-0.725,-1.839],[0,0],[0,0],[-1.082,-3.02],[0,0],[-5.172,0],[0,0],[-0.647,3.578],[0.58,1.605]],"o":[[0,0],[0,0],[-1.749,-4.87],[0,0],[0,0],[-0.424,-1.07],[0,0],[-1.984,0],[0,0],[0,0],[-3.21,0],[0,0],[1.75,4.87],[0,0],[3.645,0],[-0.301,1.662],[0,0]],"v":[[59.3,33.926],[56.112,25.066],[38.535,-23.829],[27.001,-31.943],[-29.218,-31.943],[-31.658,-38.085],[-34.266,-39.857],[-54.172,-39.857],[-56.78,-36.022],[-55.164,-31.943],[-57.025,-31.943],[-61.394,-25.736],[-40.742,31.743],[-29.206,39.857],[55.064,39.857],[62.476,33.669],[59.288,33.926]],"c":true}]},{"i":{"x":0.667,"y":1},"o":{"x":0.333,"y":0},"t":29.5,"s":[{"i":[[0,0],[0,0],[0,0],[5.17,0],[0,0],[0,0],[1.148,0],[0,0],[-0.725,-1.839],[0,0],[0,0],[-1.082,-3.02],[0,0],[-5.172,0],[0,0],[-0.647,3.578],[0.58,1.605]],"o":[[0,0],[0,0],[-1.749,-4.87],[0,0],[0,0],[-0.424,-1.07],[0,0],[-1.984,0],[0,0],[0,0],[-3.21,0],[0,0],[1.75,4.87],[0,0],[3.645,0],[-0.301,1.662],[0,0]],"v":[[59.3,33.926],[56.112,25.066],[32.878,-25.329],[21.344,-33.443],[-34.876,-33.443],[-37.316,-39.585],[-39.924,-41.357],[-59.829,-41.357],[-62.438,-37.522],[-60.822,-33.443],[-62.682,-33.443],[-66.894,-24.236],[-40.742,31.743],[-29.206,39.857],[55.064,39.857],[62.476,33.669],[59.288,33.926]],"c":true}]},{"i":{"x":0.667,"y":1},"o":{"x":0.333,"y":0},"t":35,"s":[{"i":[[0,0],[0,0],[0,0],[5.17,0],[0,0],[0,0],[1.148,0],[0,0],[-0.725,-1.839],[0,0],[0,0],[-1.082,-3.02],[0,0],[-5.172,0],[0,0],[-0.647,3.578],[0.58,1.605]],"o":[[0,0],[0,0],[-1.749,-4.87],[0,0],[0,0],[-0.424,-1.07],[0,0],[-1.984,0],[0,0],[0,0],[-3.21,0],[0,0],[1.75,4.87],[0,0],[3.645,0],[-0.301,1.662],[0,0]],"v":[[59.3,33.926],[56.112,25.066],[38.535,-23.829],[27.001,-31.943],[-29.218,-31.943],[-31.658,-38.085],[-34.266,-39.857],[-54.172,-39.857],[-56.78,-36.022],[-55.164,-31.943],[-57.025,-31.943],[-61.394,-25.736],[-40.742,31.743],[-29.206,39.857],[55.064,39.857],[62.476,33.669],[59.288,33.926]],"c":true}]},{"t":50,"s":[{"i":[[0,0],[0,0],[0,0],[5.17,0],[0,0],[0,0],[1.148,0],[0,0],[-0.725,-1.839],[0,0],[0,0],[-0.143,-4.91],[0,0],[-5.172,0],[0,0],[-0.647,3.578],[0.58,1.605]],"o":[[0,0],[0,0],[-1.749,-4.87],[0,0],[0,0],[-0.424,-1.07],[0,0],[-1.984,0],[0,0],[0,0],[-5.262,0.298],[0,0],[1.75,4.87],[0,0],[3.645,0],[-0.301,1.662],[0,0]],"v":[[63.05,30.676],[62.862,13.316],[62.878,-28.829],[51.344,-36.943],[-4.876,-36.943],[-5.066,-42.835],[-10.174,-44.678],[-25.829,-44.678],[-29.188,-40.681],[-29.822,-36.852],[-30.432,-36.92],[-39.051,-26.486],[-40.742,31.743],[-29.206,39.857],[55.064,39.857],[62.476,33.669],[63.288,30.926]],"c":true}]}],"ix":2},"nm":"Path 1","mn":"ADBE Vector Shape - Group","hd":false},{"ty":"st","c":{"a":0,"k":[0.066666666667,0.105882360421,0.129411764706,1],"ix":3},"o":{"a":0,"k":100,"ix":4},"w":{"a":0,"k":1.504,"ix":5},"lc":2,"lj":2,"bm":0,"nm":"Stroke 1","mn":"ADBE Vector Graphic - Stroke","hd":false},{"ty":"fl","c":{"a":0,"k":[0.145098039216,0.819607902976,0.400000029919,1],"ix":4},"o":{"a":0,"k":100,"ix":5},"r":1,"bm":0,"nm":"Fill 1","mn":"ADBE Vector Graphic - Fill","hd":false},{"ty":"tr","p":{"a":0,"k":[63.98,41.361],"ix":2},"a":{"a":0,"k":[0,0],"ix":1},"s":{"a":0,"k":[100,100],"ix":3},"r":{"a":0,"k":0,"ix":6},"o":{"a":0,"k":100,"ix":7},"sk":{"a":0,"k":0,"ix":4},"sa":{"a":0,"k":0,"ix":5},"nm":"Transform"}],"nm":"Group 1","np":3,"cix":2,"bm":0,"ix":1,"mn":"ADBE Vector Group","hd":false}],"ip":0,"op":300,"st":0,"ct":1,"bm":0},{"ddd":0,"ind":4,"ty":4,"nm":"message","sr":1,"ks":{"p":{"a":1,"k":[{"i":{"x":0.667,"y":1},"o":{"x":1,"y":0},"t":27,"s":[126.594,34.662,0],"to":[0,0,0],"ti":[0,0,0]},{"t":44,"s":[112.594,52.662,0]}],"ix":2,"l":2},"a":{"a":0,"k":[52.482,36.846,0],"ix":1,"l":2}},"ao":0,"shapes":[{"ty":"gr","it":[{"ind":0,"ty":"sh","ix":1,"ks":{"a":0,"k":{"i":[[0,0],[-8.112,-5.147],[-0.674,-1.526],[0.475,-1.875],[9.884,-1.482],[0.87,2.555],[-3.264,0.982],[-3.827,-3.213],[-0.362,-4.29],[-7.34,-1.312]],"o":[[6.62,-6.926],[1.409,0.896],[0.78,1.764],[-2.429,9.699],[-2.668,0.4],[-1.105,-3.225],[4.776,-1.421],[3.299,2.762],[6.628,-3.422],[0,0]],"v":[[-24.206,-10.025],[2.172,-13.208],[5.607,-9.657],[5.673,-3.975],[-15.261,15.027],[-22.218,12.391],[-16.091,5.658],[-1.79,6.544],[2.482,18.355],[24.206,15.079]],"c":false},"ix":2},"nm":"Path 1","mn":"ADBE Vector Shape - Group","hd":false},{"ty":"st","c":{"a":0,"k":[0.066666666667,0.105882360421,0.129411764706,1],"ix":3},"o":{"a":0,"k":100,"ix":4},"w":{"a":0,"k":1.504,"ix":5},"lc":2,"lj":2,"bm":0,"nm":"Stroke 1","mn":"ADBE Vector Graphic - Stroke","hd":false},{"ty":"tr","p":{"a":0,"k":[52.111,33.002],"ix":2},"a":{"a":0,"k":[0,0],"ix":1},"s":{"a":0,"k":[100,100],"ix":3},"r":{"a":0,"k":0,"ix":6},"o":{"a":0,"k":100,"ix":7},"sk":{"a":0,"k":0,"ix":4},"sa":{"a":0,"k":0,"ix":5},"nm":"Transform"}],"nm":"Group 1","np":2,"cix":2,"bm":0,"ix":1,"mn":"ADBE Vector Group","hd":false},{"ty":"gr","it":[{"ind":0,"ty":"sh","ix":1,"ks":{"a":0,"k":{"i":[[0,0],[0,0],[0.951,-1.491],[0,0],[0,0],[15.393,0],[0,0],[0,15.58],[0,0],[-15.393,0]],"o":[[0,0],[1.863,-0.012],[0,0],[0,0],[0,15.58],[0,0],[-15.393,0],[0,0],[0,-15.58],[0,0]],"v":[[-21.156,-33.068],[45.964,-33.068],[48.08,-29.402],[41.569,-19.234],[41.569,4.867],[13.694,33.08],[-21.156,33.08],[-49.031,4.867],[-49.031,-4.849],[-21.156,-33.062]],"c":true},"ix":2},"nm":"Path 1","mn":"ADBE Vector Shape - Group","hd":false},{"ty":"st","c":{"a":0,"k":[0.066666666667,0.105882360421,0.129411764706,1],"ix":3},"o":{"a":0,"k":100,"ix":4},"w":{"a":0,"k":1.504,"ix":5},"lc":1,"lj":1,"ml":10,"bm":0,"nm":"Stroke 1","mn":"ADBE Vector Graphic - Stroke","hd":false},{"ty":"fl","c":{"a":0,"k":[0.894117706897,1,0.847058883368,1],"ix":4},"o":{"a":0,"k":100,"ix":5},"r":1,"bm":0,"nm":"Fill 1","mn":"ADBE Vector Graphic - Fill","hd":false},{"ty":"tr","p":{"a":0,"k":[52.791,36.84],"ix":2},"a":{"a":0,"k":[0,0],"ix":1},"s":{"a":0,"k":[100,100],"ix":3},"r":{"a":0,"k":0,"ix":6},"o":{"a":0,"k":100,"ix":7},"sk":{"a":0,"k":0,"ix":4},"sa":{"a":0,"k":0,"ix":5},"nm":"Transform"}],"nm":"Group 2","np":3,"cix":2,"bm":0,"ix":2,"mn":"ADBE Vector Group","hd":false}],"ip":0,"op":300,"st":0,"ct":1,"bm":0},{"ddd":0,"ind":5,"ty":4,"nm":"folder back","sr":1,"ks":{"p":{"a":0,"k":[94.094,66.772,0],"ix":2,"l":2},"a":{"a":0,"k":[58.333,43.483,0],"ix":1,"l":2}},"ao":0,"shapes":[{"ty":"gr","it":[{"ind":0,"ty":"sh","ix":1,"ks":{"a":1,"k":[{"i":{"x":0.667,"y":1},"o":{"x":0.333,"y":0},"t":24,"s":[{"i":[[4.602,0],[0,0],[-1.404,8.214],[0,0],[-3.444,0],[0,0],[0.747,-4.414],[0,0]],"o":[[0,0],[-8.336,0],[0,0],[0.58,-3.399],[0,0],[4.48,0],[0,0],[-0.78,4.537]],"v":[[34.936,41.98],[-41.88,41.98],[-55.143,26.265],[-44.499,-36.094],[-37.521,-41.98],[48.667,-41.98],[55.799,-33.531],[44.253,34.122]],"c":true}]},{"i":{"x":0.667,"y":1},"o":{"x":0.333,"y":0},"t":29.5,"s":[{"i":[[4.602,0],[0,0],[-1.404,8.214],[0,0],[-3.444,0],[0,0],[0.747,-4.414],[0,0]],"o":[[0,0],[-8.336,0],[0,0],[0.58,-3.399],[0,0],[4.48,0],[0,0],[-0.78,4.537]],"v":[[34.936,41.98],[-41.88,41.98],[-55.143,26.265],[-38.499,-40.094],[-31.521,-45.98],[54.667,-45.98],[61.799,-37.531],[44.253,34.122]],"c":true}]},{"i":{"x":0.667,"y":1},"o":{"x":0.333,"y":0},"t":35,"s":[{"i":[[4.602,0],[0,0],[-1.404,8.214],[0,0],[-3.444,0],[0,0],[0.747,-4.414],[0,0]],"o":[[0,0],[-8.336,0],[0,0],[0.58,-3.399],[0,0],[4.48,0],[0,0],[-0.78,4.537]],"v":[[34.936,41.98],[-41.88,41.98],[-55.143,26.265],[-44.499,-36.094],[-37.521,-41.98],[48.667,-41.98],[55.799,-33.531],[44.253,34.122]],"c":true}]},{"t":50,"s":[{"i":[[4.602,0],[0,0],[-1.404,8.214],[0,0],[-3.444,0],[0,0],[0.747,-4.414],[0,0]],"o":[[0,0],[-8.336,0],[0,0],[0.58,-3.399],[0,0],[4.48,0],[0,0],[-0.78,4.537]],"v":[[34.936,41.98],[-41.88,41.98],[-55.143,26.265],[-56.938,-27.594],[-49.961,-33.48],[36.227,-33.48],[43.36,-25.031],[44.253,34.122]],"c":true}]}],"ix":2},"nm":"Path 1","mn":"ADBE Vector Shape - Group","hd":false},{"ty":"st","c":{"a":0,"k":[0.066666666667,0.105882360421,0.129411764706,1],"ix":3},"o":{"a":0,"k":100,"ix":4},"w":{"a":0,"k":1.504,"ix":5},"lc":2,"lj":2,"bm":0,"nm":"Stroke 1","mn":"ADBE Vector Graphic - Stroke","hd":false},{"ty":"fl","c":{"a":0,"k":[0.145098039216,0.819607902976,0.400000029919,1],"ix":4},"o":{"a":0,"k":100,"ix":5},"r":1,"bm":0,"nm":"Fill 1","mn":"ADBE Vector Graphic - Fill","hd":false},{"ty":"tr","p":{"a":0,"k":[58.051,43.483],"ix":2},"a":{"a":0,"k":[0,0],"ix":1},"s":{"a":0,"k":[100,100],"ix":3},"r":{"a":0,"k":0,"ix":6},"o":{"a":0,"k":100,"ix":7},"sk":{"a":0,"k":0,"ix":4},"sa":{"a":0,"k":0,"ix":5},"nm":"Transform"}],"nm":"Group 1","np":3,"cix":2,"bm":0,"ix":1,"mn":"ADBE Vector Group","hd":false}],"ip":0,"op":300,"st":0,"ct":1,"bm":0}],"markers":[],"props":{}}