{"v":"5.9.0","fr":30,"ip":0,"op":30,"w":450,"h":450,"nm":"VerifyEncryption","ddd":0,"assets":[],"layers":[{"ddd":0,"ind":3,"ty":4,"nm":"Circle","sr":1,"ks":{"o":{"a":0,"k":100,"ix":11},"r":{"a":0,"k":0,"ix":10},"p":{"a":1,"k":[{"i":{"x":0.562,"y":0.562},"o":{"x":0.167,"y":0.167},"t":-11,"s":[225,45,0],"to":[99.411,0,0],"ti":[0,-99.411,0]},{"i":{"x":0.656,"y":0.656},"o":{"x":0.311,"y":0.311},"t":-3.5,"s":[405,225,0],"to":[0,99.411,0],"ti":[99.411,0,0]},{"i":{"x":0.689,"y":0.689},"o":{"x":0.343,"y":0.343},"t":4,"s":[225,405,0],"to":[-99.411,0,0],"ti":[0,99.411,0]},{"i":{"x":0.833,"y":0.833},"o":{"x":0.437,"y":0.437},"t":11.5,"s":[45,225,0],"to":[0,-99.411,0],"ti":[-99.411,0,0]},{"i":{"x":0.564,"y":0.564},"o":{"x":0.167,"y":0.167},"t":19,"s":[225,45,0],"to":[99.411,0,0],"ti":[0,-99.411,0]},{"i":{"x":0.677,"y":0.677},"o":{"x":0.325,"y":0.325},"t":26.666,"s":[405,225,0],"to":[0,99.411,0],"ti":[99.411,0,0]},{"i":{"x":0.833,"y":0.833},"o":{"x":0.431,"y":0.431},"t":34.333,"s":[225,405,0],"to":[-99.411,0,0],"ti":[0,99.411,0]},{"i":{"x":0.833,"y":0.833},"o":{"x":0.167,"y":0.167},"t":42,"s":[45,225,0],"to":[0,-99.411,0],"ti":[-99.411,0,0]},{"i":{"x":0.833,"y":0.833},"o":{"x":0.167,"y":0.167},"t":49.5,"s":[225,45,0],"to":[99.411,0,0],"ti":[0,-99.411,0]},{"i":{"x":0.833,"y":0.833},"o":{"x":0.167,"y":0.167},"t":56.606,"s":[405,225,0],"to":[0,99.411,0],"ti":[99.411,0,0]},{"t":63,"s":[225,405,0]}],"ix":2,"l":2},"a":{"a":0,"k":[0,0,0],"ix":1,"l":2},"s":{"a":0,"k":[100,100,100],"ix":6,"l":2}},"ao":0,"shapes":[{"d":1,"ty":"el","s":{"a":0,"k":[24,24],"ix":2},"p":{"a":0,"k":[0,0],"ix":3},"nm":"Ellipse Path 1","mn":"ADBE Vector Shape - Ellipse","hd":false},{"ty":"st","c":{"a":0,"k":[0.819607853889,0.843137264252,0.858823537827,1],"ix":3},"o":{"a":0,"k":100,"ix":4},"w":{"a":0,"k":4.5,"ix":5},"lc":1,"lj":1,"ml":4,"bm":0,"nm":"Stroke 1","mn":"ADBE Vector Graphic - Stroke","hd":false},{"ty":"fl","c":{"a":0,"k":[0.121568627656,0.658823549747,0.333333343267,1],"ix":4},"o":{"a":0,"k":100,"ix":5},"r":1,"bm":0,"nm":"Fill 1","mn":"ADBE Vector Graphic - Fill","hd":false}],"ip":0,"op":60,"st":0,"bm":0},{"ddd":0,"ind":4,"ty":4,"nm":"Right device","sr":1,"ks":{"o":{"a":0,"k":100,"ix":11},"r":{"a":0,"k":0,"ix":10},"p":{"a":1,"k":[{"i":{"x":0.4,"y":1},"o":{"x":0,"y":0},"t":0,"s":[131.9,138.5,0],"to":[0,0,0],"ti":[0,0,0]},{"i":{"x":0.4,"y":1},"o":{"x":0.4,"y":0},"t":47,"s":[131.9,138.28,0],"to":[0,0,0],"ti":[0,0,0]},{"t":66,"s":[97.9,94.28,0]}],"ix":2,"l":2},"a":{"a":0,"k":[0,0,0],"ix":1,"l":2},"s":{"a":0,"k":[100,100,100],"ix":6,"l":2}},"ao":0,"shapes":[{"ty":"gr","it":[{"ty":"gr","it":[{"ty":"gr","it":[{"ind":0,"ty":"sh","ix":1,"ks":{"a":0,"k":{"i":[[-2.485,0],[0,0],[0,-2.485],[0,0],[2.485,0],[0,0],[0,2.485],[0,0]],"o":[[0,0],[2.485,0],[0,0],[0,2.485],[0,0],[-2.485,0],[0,0],[0,-2.485]],"v":[[-13.583,-7.5],[25.938,-7.451],[30.438,-2.951],[30.537,11.799],[26.037,16.299],[-13.484,16.25],[-17.984,11.75],[-18.083,-3]],"c":true},"ix":2},"nm":"Path 1","mn":"ADBE Vector Shape - Group","hd":false},{"ty":"fl","c":{"a":0,"k":[0.329411764706,0.396078431373,0.435294117647,1],"ix":4},"o":{"a":0,"k":100,"ix":5},"r":1,"bm":0,"nm":"Fill 1","mn":"ADBE Vector Graphic - Fill","hd":false},{"ty":"tr","p":{"a":0,"k":[41.465,72],"ix":2},"a":{"a":0,"k":[0,0],"ix":1},"s":{"a":0,"k":[100,100],"ix":3},"r":{"a":0,"k":0,"ix":6},"o":{"a":0,"k":100,"ix":7},"sk":{"a":0,"k":0,"ix":4},"sa":{"a":0,"k":0,"ix":5},"nm":"Transform"}],"nm":"Group 3","np":2,"cix":2,"bm":0,"ix":1,"mn":"ADBE Vector Group","hd":false},{"ty":"gr","it":[{"ind":0,"ty":"sh","ix":1,"ks":{"a":0,"k":{"i":[[-2.485,0],[0,0],[0,-2.485],[0,0],[2.485,0],[0,0],[0,2.485],[0,0]],"o":[[0,0],[2.485,0],[0,0],[0,2.485],[0,0],[-2.485,0],[0,0],[0,-2.485]],"v":[[-13.583,-7.5],[13.812,-7.428],[18.312,-2.928],[18.412,11.822],[13.912,16.322],[-13.484,16.25],[-17.984,11.75],[-18.083,-3]],"c":true},"ix":2},"nm":"Path 1","mn":"ADBE Vector Shape - Group","hd":false},{"ty":"fl","c":{"a":1,"k":[{"i":{"x":[0.6],"y":[1]},"o":{"x":[0.167],"y":[0]},"t":0,"s":[0.525490196078,0.588235294118,0.627450980392,1]},{"i":{"x":[0.6],"y":[1]},"o":{"x":[0.4],"y":[0]},"t":47,"s":[0.525490196078,0.588235294118,0.627450980392,1]},{"t":66,"s":[0,0.658823529412,0.517647058824,1]}],"ix":4},"o":{"a":0,"k":100,"ix":5},"r":1,"bm":0,"nm":"Fill 1","mn":"ADBE Vector Graphic - Fill","hd":false},{"ty":"tr","p":{"a":0,"k":[78.119,103.699],"ix":2},"a":{"a":0,"k":[0,0],"ix":1},"s":{"a":0,"k":[100,100],"ix":3},"r":{"a":0,"k":0,"ix":6},"o":{"a":0,"k":100,"ix":7},"sk":{"a":0,"k":0,"ix":4},"sa":{"a":0,"k":0,"ix":5},"nm":"Transform"}],"nm":"Group 4","np":2,"cix":2,"bm":0,"ix":2,"mn":"ADBE Vector Group","hd":false},{"ty":"gr","it":[{"ind":0,"ty":"sh","ix":1,"ks":{"a":0,"k":{"i":[[0,0],[0,0]],"o":[[0,0],[0,0]],"v":[[48.4,166.4],[74.4,166.4]],"c":false},"ix":2},"nm":"Path 1","mn":"ADBE Vector Shape - Group","hd":false},{"ty":"st","c":{"a":0,"k":[0.819607843137,0.843137254902,0.858823529412,1],"ix":3},"o":{"a":0,"k":100,"ix":4},"w":{"a":0,"k":4.5,"ix":5},"lc":2,"lj":1,"ml":4,"bm":0,"nm":"Stroke 1","mn":"ADBE Vector Graphic - Stroke","hd":false},{"ty":"tr","p":{"a":0,"k":[61.4,186.4],"ix":2},"a":{"a":0,"k":[61.4,166.4],"ix":1},"s":{"a":0,"k":[100,100],"ix":3},"r":{"a":0,"k":0,"ix":6},"o":{"a":0,"k":100,"ix":7},"sk":{"a":0,"k":0,"ix":4},"sa":{"a":0,"k":0,"ix":5},"nm":"Transform"}],"nm":"Group 5","np":2,"cix":2,"bm":0,"ix":3,"mn":"ADBE Vector Group","hd":false},{"ty":"tr","p":{"a":0,"k":[145.959,60.252],"ix":2},"a":{"a":0,"k":[54,82],"ix":1},"s":{"a":0,"k":[100,100],"ix":3},"r":{"a":0,"k":0,"ix":6},"o":{"a":0,"k":100,"ix":7},"sk":{"a":0,"k":0,"ix":4},"sa":{"a":0,"k":0,"ix":5},"nm":"Transform"}],"nm":"Group 11","np":3,"cix":2,"bm":0,"ix":1,"mn":"ADBE Vector Group","hd":false},{"ty":"gr","it":[{"ind":0,"ty":"sh","ix":1,"ks":{"a":0,"k":{"i":[[0,0],[0,6.617],[0,0],[-6.617,0],[0,0],[0,-6.617],[0,0],[6.617,0]],"o":[[-6.617,0],[0,0],[0,-6.617],[0,0],[6.617,0],[0,0],[0,6.617],[0,0]],"v":[[-39.5,73],[-51.5,61],[-51.5,-88.5],[-39.5,-100.5],[32,-100.599],[44,-88.599],[44,60.901],[32,72.901]],"c":true},"ix":2},"nm":"Path 1","mn":"ADBE Vector Shape - Group","hd":false},{"ty":"st","c":{"a":0,"k":[0.819607843137,0.843137254902,0.858823529412,1],"ix":3},"o":{"a":0,"k":100,"ix":4},"w":{"a":0,"k":4.5,"ix":5},"lc":1,"lj":1,"ml":4,"bm":0,"nm":"Stroke 1","mn":"ADBE Vector Graphic - Stroke","hd":false},{"ty":"fl","c":{"a":1,"k":[{"i":{"x":[0.6],"y":[1]},"o":{"x":[0.167],"y":[0]},"t":0,"s":[0.125490196078,0.172549019608,0.2,1]},{"i":{"x":[0.6],"y":[1]},"o":{"x":[0.43],"y":[0]},"t":47,"s":[0.125490196078,0.172549019608,0.2,1]},{"t":66,"s":[0.066666666667,0.105882352941,0.129411764706,1]}],"ix":4},"o":{"a":0,"k":100,"ix":5},"r":1,"bm":0,"nm":"Fill 1","mn":"ADBE Vector Graphic - Fill","hd":false},{"ty":"tr","p":{"a":0,"k":[156.214,101.52],"ix":2},"a":{"a":0,"k":[0,0],"ix":1},"s":{"a":0,"k":[100,100],"ix":3},"r":{"a":0,"k":0,"ix":6},"o":{"a":0,"k":100,"ix":7},"sk":{"a":0,"k":0,"ix":4},"sa":{"a":0,"k":0,"ix":5},"nm":"Transform"}],"nm":"Group 10","np":3,"cix":2,"bm":0,"ix":2,"mn":"ADBE Vector Group","hd":false},{"ty":"tr","p":{"a":0,"k":[152.464,87.72],"ix":2},"a":{"a":0,"k":[152.464,87.72],"ix":1},"s":{"a":0,"k":[100,100],"ix":3},"r":{"a":0,"k":0,"ix":6},"o":{"a":0,"k":100,"ix":7},"sk":{"a":0,"k":0,"ix":4},"sa":{"a":0,"k":0,"ix":5},"nm":"Transform"}],"nm":"Right Device","np":2,"cix":2,"bm":0,"ix":1,"mn":"ADBE Vector Group","hd":false}],"ip":0,"op":68,"st":0,"bm":0},{"ddd":0,"ind":5,"ty":4,"nm":"Left device","sr":1,"ks":{"o":{"a":0,"k":100,"ix":11},"r":{"a":0,"k":0,"ix":10},"p":{"a":1,"k":[{"i":{"x":0.4,"y":0.4},"o":{"x":0.333,"y":0.333},"t":0,"s":[228,136.471,0],"to":[0,0,0],"ti":[0,0,0]},{"i":{"x":0.4,"y":1},"o":{"x":0.4,"y":0},"t":47,"s":[228,136.471,0],"to":[0,0,0],"ti":[0,0,0]},{"t":66,"s":[247,169.471,0]}],"ix":2,"l":2},"a":{"a":0,"k":[0,0,0],"ix":1,"l":2},"s":{"a":0,"k":[100,100,100],"ix":6,"l":2}},"ao":0,"shapes":[{"ty":"gr","it":[{"ty":"gr","it":[{"ty":"gr","it":[{"ind":0,"ty":"sh","ix":1,"ks":{"a":0,"k":{"i":[[-2.485,0],[0,0],[0,-2.485],[0,0],[2.485,0],[0,0],[0,2.485],[0,0]],"o":[[0,0],[2.485,0],[0,0],[0,2.485],[0,0],[-2.485,0],[0,0],[0,-2.485]],"v":[[-13.583,-7.5],[25.938,-7.451],[30.438,-2.951],[30.537,11.799],[26.037,16.299],[-13.484,16.25],[-17.984,11.75],[-18.083,-3]],"c":true},"ix":2},"nm":"Path 1","mn":"ADBE Vector Shape - Group","hd":false},{"ty":"fl","c":{"a":1,"k":[{"i":{"x":[0.6],"y":[1]},"o":{"x":[0.167],"y":[0]},"t":0,"s":[0.525490196078,0.588235294118,0.627450980392,1]},{"i":{"x":[0.6],"y":[1]},"o":{"x":[0.4],"y":[0]},"t":47,"s":[0.525490196078,0.588235294118,0.627450980392,1]},{"t":66,"s":[0,0.658823529412,0.517647058824,1]}],"ix":4},"o":{"a":0,"k":100,"ix":5},"r":1,"bm":0,"nm":"Fill 1","mn":"ADBE Vector Graphic - Fill","hd":false},{"ty":"tr","p":{"a":0,"k":[66.969,72.688],"ix":2},"a":{"a":0,"k":[0,0],"ix":1},"s":{"a":0,"k":[100,100],"ix":3},"r":{"a":0,"k":0,"ix":6},"o":{"a":0,"k":100,"ix":7},"sk":{"a":0,"k":0,"ix":4},"sa":{"a":0,"k":0,"ix":5},"nm":"Transform"}],"nm":"Group 3","np":2,"cix":2,"bm":0,"ix":1,"mn":"ADBE Vector Group","hd":false},{"ty":"gr","it":[{"ind":0,"ty":"sh","ix":1,"ks":{"a":0,"k":{"i":[[-2.485,0],[0,0],[0,-2.485],[0,0],[2.485,0],[0,0],[0,2.485],[0,0]],"o":[[0,0],[2.485,0],[0,0],[0,2.485],[0,0],[-2.485,0],[0,0],[0,-2.485]],"v":[[-13.583,-7.5],[13.812,-7.428],[18.312,-2.928],[18.412,11.822],[13.912,16.322],[-13.484,16.25],[-17.984,11.75],[-18.083,-3]],"c":true},"ix":2},"nm":"Path 1","mn":"ADBE Vector Shape - Group","hd":false},{"ty":"fl","c":{"a":0,"k":[0.329411764706,0.396078431373,0.435294117647,1],"ix":4},"o":{"a":0,"k":100,"ix":5},"r":1,"bm":0,"nm":"Fill 1","mn":"ADBE Vector Graphic - Fill","hd":false},{"ty":"tr","p":{"a":0,"k":[41.924,103.674],"ix":2},"a":{"a":0,"k":[0,0],"ix":1},"s":{"a":0,"k":[100,100],"ix":3},"r":{"a":0,"k":0,"ix":6},"o":{"a":0,"k":100,"ix":7},"sk":{"a":0,"k":0,"ix":4},"sa":{"a":0,"k":0,"ix":5},"nm":"Transform"}],"nm":"Group 4","np":2,"cix":2,"bm":0,"ix":2,"mn":"ADBE Vector Group","hd":false},{"ty":"gr","it":[{"ind":0,"ty":"sh","ix":1,"ks":{"a":0,"k":{"i":[[0,0],[0,0]],"o":[[0,0],[0,0]],"v":[[48.4,166.4],[74.4,166.4]],"c":false},"ix":2},"nm":"Path 1","mn":"ADBE Vector Shape - Group","hd":false},{"ty":"st","c":{"a":0,"k":[0.819607843137,0.843137254902,0.858823529412,1],"ix":3},"o":{"a":0,"k":100,"ix":4},"w":{"a":0,"k":4.5,"ix":5},"lc":2,"lj":1,"ml":4,"bm":0,"nm":"Stroke 1","mn":"ADBE Vector Graphic - Stroke","hd":false},{"ty":"tr","p":{"a":0,"k":[61.4,186.4],"ix":2},"a":{"a":0,"k":[61.4,166.4],"ix":1},"s":{"a":0,"k":[100,100],"ix":3},"r":{"a":0,"k":0,"ix":6},"o":{"a":0,"k":100,"ix":7},"sk":{"a":0,"k":0,"ix":4},"sa":{"a":0,"k":0,"ix":5},"nm":"Transform"}],"nm":"Group 5","np":2,"cix":2,"bm":0,"ix":3,"mn":"ADBE Vector Group","hd":false},{"ty":"tr","p":{"a":0,"k":[-67.137,62.023],"ix":2},"a":{"a":0,"k":[54,82],"ix":1},"s":{"a":0,"k":[100,100],"ix":3},"r":{"a":0,"k":0,"ix":6},"o":{"a":0,"k":100,"ix":7},"sk":{"a":0,"k":0,"ix":4},"sa":{"a":0,"k":0,"ix":5},"nm":"Transform"}],"nm":"Group 11","np":3,"cix":2,"bm":0,"ix":1,"mn":"ADBE Vector Group","hd":false},{"ty":"gr","it":[{"ind":0,"ty":"sh","ix":1,"ks":{"a":0,"k":{"i":[[0,0],[0,6.617],[0,0],[-6.617,0],[0,0],[0,-6.617],[0,0],[6.617,0]],"o":[[-6.617,0],[0,0],[0,-6.617],[0,0],[6.617,0],[0,0],[0,6.617],[0,0]],"v":[[-7.917,71.805],[-19.917,59.805],[-19.917,-89.695],[-7.917,-101.695],[63.583,-101.794],[75.583,-89.794],[75.583,59.706],[63.583,71.706]],"c":true},"ix":2},"nm":"Path 1","mn":"ADBE Vector Shape - Group","hd":false},{"ty":"st","c":{"a":0,"k":[0.819607843137,0.843137254902,0.858823529412,1],"ix":3},"o":{"a":0,"k":100,"ix":4},"w":{"a":0,"k":4.5,"ix":5},"lc":1,"lj":1,"ml":4,"bm":0,"nm":"Stroke 1","mn":"ADBE Vector Graphic - Stroke","hd":false},{"ty":"fl","c":{"a":1,"k":[{"i":{"x":[0.6],"y":[1]},"o":{"x":[0.167],"y":[0]},"t":0,"s":[0.125490196078,0.172549019608,0.2,1]},{"i":{"x":[0.6],"y":[1]},"o":{"x":[0.4],"y":[0]},"t":47,"s":[0.125490196078,0.172549019608,0.2,1]},{"t":66,"s":[0.066666666667,0.105882352941,0.129411764706,1]}],"ix":4},"o":{"a":0,"k":100,"ix":5},"r":1,"bm":0,"nm":"Fill 1","mn":"ADBE Vector Graphic - Fill","hd":false},{"ty":"tr","p":{"a":0,"k":[-87.971,104.523],"ix":2},"a":{"a":0,"k":[0,0],"ix":1},"s":{"a":0,"k":[100,100],"ix":3},"r":{"a":0,"k":0,"ix":6},"o":{"a":0,"k":100,"ix":7},"sk":{"a":0,"k":0,"ix":4},"sa":{"a":0,"k":0,"ix":5},"nm":"Transform"}],"nm":"Group 10","np":3,"cix":2,"bm":0,"ix":2,"mn":"ADBE Vector Group","hd":false},{"ty":"tr","p":{"a":0,"k":[-60.137,89.529],"ix":2},"a":{"a":0,"k":[-60.137,89.529],"ix":1},"s":{"a":0,"k":[100,100],"ix":3},"r":{"a":0,"k":0,"ix":6},"o":{"a":0,"k":100,"ix":7},"sk":{"a":0,"k":0,"ix":4},"sa":{"a":0,"k":0,"ix":5},"nm":"Transform"}],"nm":"Left Device","np":2,"cix":2,"bm":0,"ix":1,"mn":"ADBE Vector Group","hd":false}],"ip":0,"op":68,"st":0,"bm":0},{"ddd":0,"ind":6,"ty":4,"nm":"Path Loop","sr":1,"ks":{"o":{"a":0,"k":100,"ix":11},"r":{"a":0,"k":135,"ix":10},"p":{"a":0,"k":[225,225,0],"ix":2,"l":2},"a":{"a":0,"k":[0,0,0],"ix":1,"l":2},"s":{"a":0,"k":[100,100,100],"ix":6,"l":2}},"ao":0,"shapes":[{"ind":0,"ty":"sh","ix":1,"ks":{"a":0,"k":{"i":[[-99.411,0],[0,-99.411],[99.411,0],[0,99.411]],"o":[[99.411,0],[0,99.411],[-99.411,0],[0,-99.411]],"v":[[0,-180],[180,0],[0,180],[-180,0]],"c":true},"ix":2},"nm":"Path 1","mn":"ADBE Vector Shape - Group","hd":false},{"ty":"tm","s":{"a":1,"k":[{"i":{"x":[0.833],"y":[0.833]},"o":{"x":[0.333],"y":[0]},"t":0,"s":[0]},{"i":{"x":[0.833],"y":[0.833]},"o":{"x":[0.333],"y":[0]},"t":16,"s":[20]},{"t":30,"s":[100]}],"ix":1},"e":{"a":1,"k":[{"i":{"x":[0.833],"y":[0.833]},"o":{"x":[0.167],"y":[0.167]},"t":0,"s":[0]},{"i":{"x":[0.833],"y":[0.833]},"o":{"x":[0.167],"y":[0.167]},"t":27,"s":[88]},{"t":30,"s":[100]}],"ix":2},"o":{"a":0,"k":0,"ix":3},"m":1,"ix":2,"nm":"Trim Paths 1","mn":"ADBE Vector Filter - Trim","hd":false},{"ty":"st","c":{"a":0,"k":[0.819607853889,0.843137264252,0.858823537827,1],"ix":3},"o":{"a":0,"k":100,"ix":4},"w":{"a":0,"k":4.5,"ix":5},"lc":2,"lj":1,"ml":4,"bm":0,"nm":"Stroke 1","mn":"ADBE Vector Graphic - Stroke","hd":false}],"ip":0,"op":31,"st":0,"bm":0},{"ddd":0,"ind":8,"ty":4,"nm":"Dotted circle","sr":1,"ks":{"o":{"a":0,"k":100,"ix":11},"r":{"a":0,"k":135,"ix":10},"p":{"a":0,"k":[225,225,0],"ix":2,"l":2},"a":{"a":0,"k":[0,0,0],"ix":1,"l":2},"s":{"a":0,"k":[100,100,100],"ix":6,"l":2}},"ao":0,"shapes":[{"d":1,"ty":"el","s":{"a":0,"k":[360,360],"ix":2},"p":{"a":0,"k":[0,0],"ix":3},"nm":"Ellipse Path 1","mn":"ADBE Vector Shape - Ellipse","hd":false},{"ty":"tm","s":{"a":0,"k":0,"ix":1},"e":{"a":0,"k":100,"ix":2},"o":{"a":0,"k":0,"ix":3},"m":1,"ix":2,"nm":"Trim Paths 1","mn":"ADBE Vector Filter - Trim","hd":false},{"ty":"st","c":{"a":0,"k":[0.23137255013,0.290196090937,0.329411774874,1],"ix":3},"o":{"a":0,"k":100,"ix":4},"w":{"a":0,"k":4.5,"ix":5},"lc":2,"lj":1,"ml":4,"bm":0,"d":[{"n":"d","nm":"dash","v":{"a":0,"k":12.05,"ix":1}},{"n":"o","nm":"offset","v":{"a":0,"k":0,"ix":7}}],"nm":"Stroke 1","mn":"ADBE Vector Graphic - Stroke","hd":false}],"ip":0,"op":64,"st":0,"bm":0}],"markers":[{"tm":0,"cm":"1","dr":0},{"tm":30,"cm":"2","dr":0},{"tm":67,"cm":"3","dr":0}]}