{"v":"5.9.0","fr":30,"ip":0,"op":30,"w":600,"h":600,"nm":"Spinner","ddd":0,"assets":[],"layers":[{"ddd":0,"ind":1,"ty":4,"nm":"Spinner","sr":1,"ks":{"o":{"a":0,"k":100,"ix":11},"r":{"a":0,"k":-67,"ix":10},"p":{"a":0,"k":[299.975,300,0],"ix":2,"l":2},"a":{"a":0,"k":[0,0,0],"ix":1,"l":2},"s":{"a":0,"k":[400,400,100],"ix":6,"l":2}},"ao":0,"shapes":[{"d":1,"ty":"el","s":{"a":0,"k":[124,124],"ix":2},"p":{"a":0,"k":[0,0],"ix":3},"nm":"Ellipse Path 1","mn":"ADBE Vector Shape - Ellipse","hd":false},{"ty":"tm","s":{"a":1,"k":[{"i":{"x":[0.667],"y":[1]},"o":{"x":[0.333],"y":[0]},"t":0,"s":[0]},{"i":{"x":[0.667],"y":[1]},"o":{"x":[0.333],"y":[0]},"t":10,"s":[0]},{"t":30,"s":[100]}],"ix":1},"e":{"a":1,"k":[{"i":{"x":[0.667],"y":[1]},"o":{"x":[0.333],"y":[0]},"t":0,"s":[0.1]},{"t":30,"s":[100]}],"ix":2},"o":{"a":0,"k":0,"ix":3},"m":1,"ix":2,"nm":"Trim Paths 1","mn":"ADBE Vector Filter - Trim","hd":false},{"ty":"st","c":{"a":0,"k":[0,0,0,1],"ix":3},"o":{"a":0,"k":100,"ix":4},"w":{"a":0,"k":12,"ix":5},"lc":2,"lj":1,"ml":4,"bm":0,"nm":"Stroke 1","mn":"ADBE Vector Graphic - Stroke","hd":false}],"ip":0,"op":30,"st":0,"bm":0}],"markers":[{"tm":0,"cm":"1","dr":0},{"tm":6,"cm":"2","dr":0},{"tm":12,"cm":"3","dr":0},{"tm":15,"cm":"4","dr":0},{"tm":21,"cm":"5","dr":0},{"tm":27,"cm":"6","dr":0},{"tm":33,"cm":"7","dr":0}]}