AC	Ascension Island
AD	Andora
AE	Haɗaɗɗiyar Daular Larabawa
AF	Afaganistan
AG	Antigwa da Barbuba
AI	Angila
AL	Albaniya
AM	Armeniya
AO	Angola
AR	Arjantiniya
AS	Samowa Ta Amurka
AT	Ostiriya
AU	Ostareliya
AW	Aruba
AX	Åland Islands
AZ	Azarbaijan
BA	Bosniya Harzagobina
BB	Barbadas
BD	Bangiladas
BE	Belgiyom
BF	Burkina Faso
BG	Bulgariya
BH	Baharan
BI	Burundi
BJ	Binin
BL	St. Barthélemy
BM	Barmuda
BN	Burune
BO	Bolibiya
BQ	Caribbean Netherlands
BR	Birazil
BS	Bahamas
BT	Butan
BW	Baswana
BY	Belarus
BZ	Beliz
CA	Kanada
CC	Tsibirai Cocos (Keeling)
CD	Jamhuriyar Dimokuraɗiyyar Kongo
CF	Jamhuriyar Afirka Ta Tsakiya
CG	Kongo
CH	Suwizalan
CI	Aibari Kwas
CK	Tsibiran Kuku
CL	Cayile
CM	Kamaru
CN	Sin
CO	Kolambiya
CR	Kwasta Rika
CU	Kyuba
CV	Tsibiran Kap Barde
CW	Kasar Curaçao
CX	Tsibirin Kirsmati
CY	Sifurus
CZ	Jamhuriyar Cak
DE	Jamus
DJ	Jibuti
DK	Danmark
DM	Dominika
DO	Jamhuriyar Dominika
DZ	Aljeriya
EC	Ekwador
EE	Estoniya
EG	Misira
ER	Eritireya
ES	Sipen
ET	Habasha
FI	Finlan
FJ	Fiji
FK	Tsibiran Falkilan
FM	Mikuronesiya
FO	Faroe Islands
FR	Faransa
GA	Gabon
GB	Biritaniya
GD	Girnada
GE	Jiwarjiya
GF	Gini Ta Faransa
GG	Guernsey
GH	Gana
GI	Jibaraltar
GL	Grinlan
GM	Gambiya
GN	Gini
GP	Gwadaluf
GQ	Gini Ta Ikwaita
GR	Girka
GT	Gwatamala
GU	Gwam
GW	Gini Bisau
GY	Guyana
HK	Hong Kong SAR China
HN	Honduras
HR	Kurowaishiya
HT	Haiti
HU	Hungari
ID	Indunusiya
IE	Ayalan
IL	Iziraʼila
IM	Isle of Man
IN	Indiya
IO	Yankin Birtaniya Na Tekun Indiya
IQ	Iraƙi
IR	Iran
IS	Aisalan
IT	Italiya
JE	Jersey
JM	Jamaika
JO	Jordan
JP	Jàpân
KE	Kenya
KG	Kirgizistan
KH	Kambodiya
KI	Kiribati
KM	Kwamoras
KN	San Kiti Da Nebis
KP	Koriya Ta Arewa
KR	Koriya Ta Kudu
KW	Kwiyat
KY	Tsibiran Kaiman
KZ	Kazakistan
LA	Lawas
LB	Labanan
LC	San Lusiya
LI	Licansitan
LK	Siri Lanka
LR	Laberiya
LS	Lesoto
LT	Lituweniya
LU	Lukusambur
LV	latibiya
LY	Libiya
MA	Maroko
MC	Monako
MD	Maldoba
ME	Mantanegara
MF	St. Martin
MG	Madagaskar
MH	Tsibiran Marshal
MK	Macedonia ta Arewa
ML	Mali
MM	Burma, Miyamar
MN	Mangoliya
MO	Macao SAR China
MP	Tsibiran Mariyana Na Arewa
MQ	Martinik
MR	Moritaniya
MS	Manserati
MT	Malta
MU	Moritus
MV	Maldibi
MW	Malawi
MX	Makasiko
MY	Malaisiya
MZ	Mozambik
NA	Namibiya
NC	Kaledoniya Sabuwa
NE	Nijar
NF	Tsibirin Narfalk
NG	Najeriya
NI	Nikaraguwa
NL	Holan
NO	Norwe
NP	Nefal
NR	Nauru
NU	Niyu
NZ	Nuzilan
OM	Oman
PA	Panama
PE	Feru
PF	Folinesiya Ta Faransa
PG	Papuwa Nugini
PH	Filipin
PK	Pakistan
PL	Polan
PM	San Piyar Da Mikelan
PR	Porto Riko
PS	Palasɗinu
PT	Portugal
PW	Palau
PY	Faragwai
QA	Katar
RE	Rawuniyan
RO	Romaniya
RS	Sabiya
RU	Rasha
RW	Ruwanda
SA	Saudiyya
SB	Tsibiran Salaman
SC	Seychelles
SD	Sudan
SE	Suwedan
SG	Singapur
SH	San Helena
SI	Sulobeniya
SJ	Svalbard & Jan Mayen
SK	Sulobakiya
SL	Salewo
SM	San Marino
SN	Sanigal
SO	Somaliya
SR	Suriname
SS	Sudan ta kudu
ST	Sawo Tome Da Paransip
SV	El Salbador
SX	Sint Maarten
SY	Sham, Siriya
SZ	Eswatini
TC	Turkis Da Tsibiran Kaikwas
TD	Cadi
TG	Togo
TH	Tailan
TJ	Tajikistan
TK	Takelau
TL	Timor Ta Gabas
TM	Turkumenistan
TN	Tunisiya
TO	Tonga
TR	Turkiyya
TT	Tirinidad Da Tobago
TV	Tubalu
TW	Taiwan
TZ	Tanzaniya
UA	Yukaran
UG	Yuganda
US	Amurka
UY	Yurigwai
UZ	Uzubekistan
VA	Batikan
VC	San Binsan Da Girnadin
VE	Benezuwela
VG	Tsibirin Birjin Na Birtaniya
VI	Tsibiran Birjin Ta Amurka
VN	Biyetinam
VU	Banuwatu
WF	Walis Da Futuna
WS	Samoa
XK	Kosovo
YE	Yamal
YT	Mayoti
ZA	Afirka Ta Kudu
ZM	Zambiya
ZW	Zimbabuwe
