AC	Đảo Ascension
AD	Andorra
AE	Các Tiểu Vương quốc Ả Rập Thống nhất
AF	Afghanistan
AG	Antigua và Barbuda
AI	Anguilla
AL	Albania
AM	Armenia
AO	Angola
AR	Argentina
AS	Samoa thuộc Mỹ
AT	Áo
AU	Australia
AW	Aruba
AX	Quần đảo Åland
AZ	Azerbaijan
BA	Bosnia và Herzegovina
BB	Barbados
BD	Bangladesh
BE	Bỉ
BF	Burkina Faso
BG	Bulgaria
BH	Bahrain
BI	Burundi
BJ	Benin
BL	St. Barthélemy
BM	Bermuda
BN	Brunei
BO	Bolivia
BQ	Ca-ri-bê Hà Lan
BR	Brazil
BS	Bahamas
BT	Bhutan
BW	Botswana
BY	Belarus
BZ	Belize
CA	Canada
CC	Quần đảo Cocos (Keeling)
CD	Congo - Kinshasa
CF	Cộng hòa Trung Phi
CG	Congo - Brazzaville
CH	Thụy Sĩ
CI	Côte d’Ivoire
CK	Quần đảo Cook
CL	Chile
CM	Cameroon
CN	Trung Quốc
CO	Colombia
CR	Costa Rica
CU	Cuba
CV	Cape Verde
CW	Curaçao
CX	Đảo Giáng Sinh
CY	Síp
CZ	Séc
DE	Đức
DJ	Djibouti
DK	Đan Mạch
DM	Dominica
DO	Cộng hòa Dominica
DZ	Algeria
EC	Ecuador
EE	Estonia
EG	Ai Cập
ER	Eritrea
ES	Tây Ban Nha
ET	Ethiopia
FI	Phần Lan
FJ	Fiji
FK	Quần đảo Falkland
FM	Micronesia
FO	Quần đảo Faroe
FR	Pháp
GA	Gabon
GB	Vương quốc Anh
GD	Grenada
GE	Georgia
GF	Guiana thuộc Pháp
GG	Guernsey
GH	Ghana
GI	Gibraltar
GL	Greenland
GM	Gambia
GN	Guinea
GP	Guadeloupe
GQ	Guinea Xích Đạo
GR	Hy Lạp
GT	Guatemala
GU	Guam
GW	Guinea-Bissau
GY	Guyana
HK	Hồng Kông, Trung Quốc
HN	Honduras
HR	Croatia
HT	Haiti
HU	Hungary
ID	Indonesia
IE	Ireland
IL	Israel
IM	Đảo Man
IN	Ấn Độ
IO	Lãnh thổ Ấn Độ Dương thuộc Anh
IQ	Iraq
IR	Iran
IS	Iceland
IT	Italy
JE	Jersey
JM	Jamaica
JO	Jordan
JP	Nhật Bản
KE	Kenya
KG	Kyrgyzstan
KH	Campuchia
KI	Kiribati
KM	Comoros
KN	St. Kitts và Nevis
KP	Triều Tiên
KR	Hàn Quốc
KW	Kuwait
KY	Quần đảo Cayman
KZ	Kazakhstan
LA	Lào
LB	Li-băng
LC	St. Lucia
LI	Liechtenstein
LK	Sri Lanka
LR	Liberia
LS	Lesotho
LT	Litva
LU	Luxembourg
LV	Latvia
LY	Libya
MA	Ma-rốc
MC	Monaco
MD	Moldova
ME	Montenegro
MF	St. Martin
MG	Madagascar
MH	Quần đảo Marshall
MK	Bắc Macedonia
ML	Mali
MM	Myanmar (Miến Điện)
MN	Mông Cổ
MO	Macao, Trung Quốc
MP	Quần đảo Bắc Mariana
MQ	Martinique
MR	Mauritania
MS	Montserrat
MT	Malta
MU	Mauritius
MV	Maldives
MW	Malawi
MX	Mexico
MY	Malaysia
MZ	Mozambique
NA	Namibia
NC	New Caledonia
NE	Niger
NF	Đảo Norfolk
NG	Nigeria
NI	Nicaragua
NL	Hà Lan
NO	Na Uy
NP	Nepal
NR	Nauru
NU	Niue
NZ	New Zealand
OM	Oman
PA	Panama
PE	Peru
PF	Polynesia thuộc Pháp
PG	Papua New Guinea
PH	Philippines
PK	Pakistan
PL	Ba Lan
PM	Saint Pierre và Miquelon
PR	Puerto Rico
PS	Lãnh thổ Palestine
PT	Bồ Đào Nha
PW	Palau
PY	Paraguay
QA	Qatar
RE	Réunion
RO	Romania
RS	Serbia
RU	Nga
RW	Rwanda
SA	Ả Rập Xê-út
SB	Quần đảo Solomon
SC	Seychelles
SD	Sudan
SE	Thụy Điển
SG	Singapore
SH	St. Helena
SI	Slovenia
SJ	Svalbard và Jan Mayen
SK	Slovakia
SL	Sierra Leone
SM	San Marino
SN	Senegal
SO	Somalia
SR	Suriname
SS	Nam Sudan
ST	São Tomé và Príncipe
SV	El Salvador
SX	Sint Maarten
SY	Syria
SZ	Swaziland
TC	Quần đảo Turks và Caicos
TD	Chad
TG	Togo
TH	Thái Lan
TJ	Tajikistan
TK	Tokelau
TL	Timor-Leste
TM	Turkmenistan
TN	Tunisia
TO	Tonga
TR	Thổ Nhĩ Kỳ
TT	Trinidad và Tobago
TV	Tuvalu
TW	Đài Loan
TZ	Tanzania
UA	Ukraina
UG	Uganda
US	Hoa Kỳ
UY	Uruguay
UZ	Uzbekistan
VA	Thành Vatican
VC	St. Vincent và Grenadines
VE	Venezuela
VG	Quần đảo Virgin thuộc Anh
VI	Quần đảo Virgin thuộc Mỹ
VN	Việt Nam
VU	Vanuatu
WF	Wallis và Futuna
WS	Samoa
XK	Kosovo
YE	Yemen
YT	Mayotte
ZA	Nam Phi
ZM	Zambia
ZW	Zimbabwe
