AC	Pulau Ascension
AD	Andorra
AE	Uni Emirat Arab
AF	Afganistan
AG	Antigua dan Barbuda
AI	Anguilla
AL	Albania
AM	Armenia
AO	Angola
AR	Argentina
AS	Samoa Amerika
AT	Austria
AU	Australia
AW	Aruba
AX	Kepulauan Aland
AZ	Azerbaijan
BA	Bosnia dan Herzegovina
BB	Barbados
BD	Bangladesh
BE	Belgia
BF	Burkina Faso
BG	Bulgaria
BH	Bahrain
BI	Burundi
BJ	Benin
BL	Saint Barthélemy
BM	Bermuda
BN	Brunei
BO	Bolivia
BQ	Belanda Karibia
BR	Brasil
BS	Bahama
BT	Bhutan
BW	Botswana
BY	Belarus
BZ	Belize
CA	Kanada
CC	Kepulauan Cocos (Keeling)
CD	Kongo - Kinshasa
CF	Republik Afrika Tengah
CG	Kongo - Brazzaville
CH	Swiss
CI	Côte d’Ivoire
CK	Kepulauan Cook
CL	Cile
CM	Kamerun
CN	Tiongkok
CO	Kolombia
CR	Kosta Rika
CU	Kuba
CV	Tanjung Verde
CW	Curaçao
CX	Pulau Natal
CY	Siprus
CZ	Ceko
DE	Jerman
DJ	Jibuti
DK	Denmark
DM	Dominika
DO	Republik Dominika
DZ	Aljazair
EC	Ekuador
EE	Estonia
EG	Mesir
ER	Eritrea
ES	Spanyol
ET	Etiopia
FI	Finlandia
FJ	Fiji
FK	Kepulauan Falkland
FM	Mikronesia
FO	Kepulauan Faroe
FR	Prancis
GA	Gabon
GB	Inggris Raya
GD	Grenada
GE	Georgia
GF	Guyana Prancis
GG	Guernsey
GH	Ghana
GI	Gibraltar
GL	Grinlandia
GM	Gambia
GN	Guinea
GP	Guadeloupe
GQ	Guinea Ekuatorial
GR	Yunani
GT	Guatemala
GU	Guam
GW	Guinea-Bissau
GY	Guyana
HK	Hong Kong DAK Tiongkok
HN	Honduras
HR	Kroasia
HT	Haiti
HU	Hungaria
ID	Indonesia
IE	Irlandia
IL	Israel
IM	Pulau Man
IN	India
IO	Wilayah Inggris di Samudra Hindia
IQ	Irak
IR	Iran
IS	Islandia
IT	Italia
JE	Jersey
JM	Jamaika
JO	Yordania
JP	Jepang
KE	Kenya
KG	Kirgistan
KH	Kamboja
KI	Kiribati
KM	Komoro
KN	Saint Kitts dan Nevis
KP	Korea Utara
KR	Korea Selatan
KW	Kuwait
KY	Kepulauan Cayman
KZ	Kazakstan
LA	Laos
LB	Lebanon
LC	Saint Lucia
LI	Liechtenstein
LK	Sri Lanka
LR	Liberia
LS	Lesotho
LT	Lituania
LU	Luksemburg
LV	Latvia
LY	Libia
MA	Maroko
MC	Monako
MD	Moldova
ME	Montenegro
MF	Saint Martin
MG	Madagaskar
MH	Kepulauan Marshall
MK	Makedonia Utara
ML	Mali
MM	Myanmar (Burma)
MN	Mongolia
MO	Makau DAK Tiongkok
MP	Kepulauan Mariana Utara
MQ	Martinik
MR	Mauritania
MS	Montserrat
MT	Malta
MU	Mauritius
MV	Maladewa
MW	Malawi
MX	Meksiko
MY	Malaysia
MZ	Mozambik
NA	Namibia
NC	Kaledonia Baru
NE	Niger
NF	Kepulauan Norfolk
NG	Nigeria
NI	Nikaragua
NL	Belanda
NO	Norwegia
NP	Nepal
NR	Nauru
NU	Niue
NZ	Selandia Baru
OM	Oman
PA	Panama
PE	Peru
PF	Polinesia Prancis
PG	Papua Nugini
PH	Filipina
PK	Pakistan
PL	Polandia
PM	Saint Pierre dan Miquelon
PR	Puerto Riko
PS	Wilayah Palestina
PT	Portugal
PW	Palau
PY	Paraguay
QA	Qatar
RE	Réunion
RO	Rumania
RS	Serbia
RU	Rusia
RW	Rwanda
SA	Arab Saudi
SB	Kepulauan Solomon
SC	Seychelles
SD	Sudan
SE	Swedia
SG	Singapura
SH	Saint Helena
SI	Slovenia
SJ	Kepulauan Svalbard dan Jan Mayen
SK	Slovakia
SL	Sierra Leone
SM	San Marino
SN	Senegal
SO	Somalia
SR	Suriname
SS	Sudan Selatan
ST	Sao Tome dan Principe
SV	El Salvador
SX	Sint Maarten
SY	Suriah
SZ	eSwatini
TC	Kepulauan Turks dan Caicos
TD	Cad
TG	Togo
TH	Thailand
TJ	Tajikistan
TK	Tokelau
TL	Timor Leste
TM	Turkimenistan
TN	Tunisia
TO	Tonga
TR	Turki
TT	Trinidad dan Tobago
TV	Tuvalu
TW	Taiwan
TZ	Tanzania
UA	Ukraina
UG	Uganda
US	Amerika Serikat
UY	Uruguay
UZ	Uzbekistan
VA	Vatikan
VC	Saint Vincent dan Grenadine
VE	Venezuela
VG	Kepulauan Virgin Britania Raya
VI	Kepulauan Virgin Amerika Serikat
VN	Vietnam
VU	Vanuatu
WF	Kepulauan Wallis dan Futuna
WS	Samoa
XK	Kosovo
YE	Yaman
YT	Mayotte
ZA	Afrika Selatan
ZM	Zambia
ZW	Zimbabwe
