AC	Wyspa Wniebowstąpienia
AD	Andora
AE	Zjednoczone Emiraty Arabskie
AF	Afganistan
AG	Antigua i Barbuda
AI	Anguilla
AL	Albania
AM	Armenia
AO	Angola
AR	Argentyna
AS	Samoa Amerykańskie
AT	Austria
AU	Australia
AW	Aruba
AX	Wyspy Alandzkie
AZ	Azerbejdżan
BA	Bośnia i Hercegowina
BB	Barbados
BD	Bangladesz
BE	Belgia
BF	Burkina Faso
BG	Bułgaria
BH	Bahrajn
BI	Burundi
BJ	Benin
BL	Saint-Barthélemy
BM	Bermudy
BN	Brunei
BO	Boliwia
BQ	Niderlandy Karaibskie
BR	Brazylia
BS	Bahamy
BT	Bhutan
BW	Botswana
BY	Białoruś
BZ	Belize
CA	Kanada
CC	Wyspy Kokosowe
CD	Demokratyczna Republika Konga
CF	Republika Środkowoafrykańska
CG	Kongo
CH	Szwajcaria
CI	Côte d’Ivoire
CK	Wyspy Cooka
CL	Chile
CM	Kamerun
CN	Chiny
CO	Kolumbia
CR	Kostaryka
CU	Kuba
CV	Republika Zielonego Przylądka
CW	Curaçao
CX	Wyspa Bożego Narodzenia
CY	Cypr
CZ	Czechy
DE	Niemcy
DJ	Dżibuti
DK	Dania
DM	Dominika
DO	Dominikana
DZ	Algieria
EC	Ekwador
EE	Estonia
EG	Egipt
ER	Erytrea
ES	Hiszpania
ET	Etiopia
FI	Finlandia
FJ	Fidżi
FK	Falklandy
FM	Mikronezja
FO	Wyspy Owcze
FR	Francja
GA	Gabon
GB	Wielka Brytania
GD	Grenada
GE	Gruzja
GF	Gujana Francuska
GG	Guernsey
GH	Ghana
GI	Gibraltar
GL	Grenlandia
GM	Gambia
GN	Gwinea
GP	Gwadelupa
GQ	Gwinea Równikowa
GR	Grecja
GT	Gwatemala
GU	Guam
GW	Gwinea Bissau
GY	Gujana
HK	SRA Hongkong (Chiny)
HN	Honduras
HR	Chorwacja
HT	Haiti
HU	Węgry
ID	Indonezja
IE	Irlandia
IL	Izrael
IM	Wyspa Man
IN	Indie
IO	Brytyjskie Terytorium Oceanu Indyjskiego
IQ	Irak
IR	Iran
IS	Islandia
IT	Włochy
JE	Jersey
JM	Jamajka
JO	Jordania
JP	Japonia
KE	Kenia
KG	Kirgistan
KH	Kambodża
KI	Kiribati
KM	Komory
KN	Saint Kitts i Nevis
KP	Korea Północna
KR	Korea Południowa
KW	Kuwejt
KY	Kajmany
KZ	Kazachstan
LA	Laos
LB	Liban
LC	Saint Lucia
LI	Liechtenstein
LK	Sri Lanka
LR	Liberia
LS	Lesotho
LT	Litwa
LU	Luksemburg
LV	Łotwa
LY	Libia
MA	Maroko
MC	Monako
MD	Mołdawia
ME	Czarnogóra
MF	Saint-Martin
MG	Madagaskar
MH	Wyspy Marshalla
MK	Macedonia Północna
ML	Mali
MM	Mjanma (Birma)
MN	Mongolia
MO	SRA Makau (Chiny)
MP	Mariany Północne
MQ	Martynika
MR	Mauretania
MS	Montserrat
MT	Malta
MU	Mauritius
MV	Malediwy
MW	Malawi
MX	Meksyk
MY	Malezja
MZ	Mozambik
NA	Namibia
NC	Nowa Kaledonia
NE	Niger
NF	Norfolk
NG	Nigeria
NI	Nikaragua
NL	Holandia
NO	Norwegia
NP	Nepal
NR	Nauru
NU	Niue
NZ	Nowa Zelandia
OM	Oman
PA	Panama
PE	Peru
PF	Polinezja Francuska
PG	Papua-Nowa Gwinea
PH	Filipiny
PK	Pakistan
PL	Polska
PM	Saint-Pierre i Miquelon
PR	Portoryko
PS	Terytoria Palestyńskie
PT	Portugalia
PW	Palau
PY	Paragwaj
QA	Katar
RE	Reunion
RO	Rumunia
RS	Serbia
RU	Rosja
RW	Rwanda
SA	Arabia Saudyjska
SB	Wyspy Salomona
SC	Seszele
SD	Sudan
SE	Szwecja
SG	Singapur
SH	Wyspa Świętej Heleny
SI	Słowenia
SJ	Svalbard i Jan Mayen
SK	Słowacja
SL	Sierra Leone
SM	San Marino
SN	Senegal
SO	Somalia
SR	Surinam
SS	Sudan Południowy
ST	Wyspy Świętego Tomasza i Książęca
SV	Salwador
SX	Sint Maarten
SY	Syria
SZ	Eswatini
TC	Turks i Caicos
TD	Czad
TG	Togo
TH	Tajlandia
TJ	Tadżykistan
TK	Tokelau
TL	Timor Wschodni
TM	Turkmenistan
TN	Tunezja
TO	Tonga
TR	Turcja
TT	Trynidad i Tobago
TV	Tuvalu
TW	Tajwan
TZ	Tanzania
UA	Ukraina
UG	Uganda
US	Stany Zjednoczone
UY	Urugwaj
UZ	Uzbekistan
VA	Watykan
VC	Saint Vincent i Grenadyny
VE	Wenezuela
VG	Brytyjskie Wyspy Dziewicze
VI	Wyspy Dziewicze Stanów Zjednoczonych
VN	Wietnam
VU	Vanuatu
WF	Wallis i Futuna
WS	Samoa
XK	Kosowo
YE	Jemen
YT	Majotta
ZA	Republika Południowej Afryki
ZM	Zambia
ZW	Zimbabwe
