{"v":"5.11.0","fr":60,"ip":0,"op":134,"w":240,"h":150,"nm":"wds_anim_hide_number_android_2_not flipped","ddd":0,"assets":[],"fonts":{"list":[{"origin":0,"fPath":"","fClass":"","fFamily":"Roboto","fWeight":"","fStyle":"Regular","fName":"Roboto-Regular","ascent":75}]},"layers":[{"ddd":0,"ind":1,"ty":4,"nm":"hole top","parent":12,"sr":1,"ks":{"p":{"a":0,"k":[18.736,24.094,0],"ix":2,"l":2},"a":{"a":0,"k":[18.736,24.094,0],"ix":1,"l":2}},"ao":0,"shapes":[{"ty":"gr","it":[{"ind":0,"ty":"sh","ix":1,"ks":{"a":0,"k":{"i":[[5.118,-1.567],[-1.567,-5.117],[-3.782,-0.368],[0,0]],"o":[[-5.117,1.566],[1.182,3.858],[0,0],[0,0]],"v":[[-9.238,-21.027],[-15.669,-8.928],[-7.334,-2.116],[-9.716,22.594]],"c":false},"ix":2},"nm":"Path 1","mn":"ADBE Vector Shape - Group","hd":false},{"ty":"st","c":{"a":0,"k":[0.066666666667,0.105882360421,0.129411764706,1],"ix":3},"o":{"a":0,"k":100,"ix":4},"w":{"a":0,"k":1.5,"ix":5},"lc":2,"lj":2,"bm":0,"nm":"Stroke 1","mn":"ADBE Vector Graphic - Stroke","hd":false},{"ty":"tr","p":{"a":0,"k":[18.736,24.094],"ix":2},"a":{"a":0,"k":[0,0],"ix":1},"s":{"a":0,"k":[100,100],"ix":3},"r":{"a":0,"k":0,"ix":6},"o":{"a":0,"k":100,"ix":7},"sk":{"a":0,"k":0,"ix":4},"sa":{"a":0,"k":0,"ix":5},"nm":"Transform"}],"nm":"Group 1","np":3,"cix":2,"bm":0,"ix":1,"mn":"ADBE Vector Group","hd":false}],"ip":0,"op":300,"st":0,"ct":1,"bm":0},{"ddd":0,"ind":2,"ty":4,"nm":"mask 6","parent":12,"td":1,"sr":1,"ks":{"r":{"a":0,"k":-3,"ix":10},"p":{"a":0,"k":[-62.404,-2.685,0],"ix":2,"l":2},"a":{"a":0,"k":[74.603,67.112,0],"ix":1,"l":2}},"ao":0,"shapes":[{"ty":"gr","it":[{"ind":0,"ty":"sh","ix":1,"ks":{"a":0,"k":{"i":[[1.182,3.858],[-5.117,1.566],[-33.736,31.817],[-3.017,0.376],[2.693,-2.441],[0,0],[0,0]],"o":[[-1.566,-5.117],[0,0],[44.359,-41.836],[154.842,-19.324],[0,0],[0,0],[-3.781,-0.367]],"v":[[64.768,21.398],[71.2,9.3],[65.423,-90.343],[231.306,-137.611],[285.456,112.769],[69.146,52.799],[73.103,28.21]],"c":true},"ix":2},"nm":"Path 1","mn":"ADBE Vector Shape - Group","hd":false},{"ty":"st","c":{"a":0,"k":[0.066666666667,0.105882360421,0.129411764706,1],"ix":3},"o":{"a":0,"k":100,"ix":4},"w":{"a":0,"k":1.5,"ix":5},"lc":2,"lj":2,"bm":0,"nm":"Stroke 1","mn":"ADBE Vector Graphic - Stroke","hd":false},{"ty":"fl","c":{"a":0,"k":[0.145098039216,0.827451040231,0.400000029919,1],"ix":4},"o":{"a":0,"k":100,"ix":5},"r":1,"bm":0,"nm":"Fill 1","mn":"ADBE Vector Graphic - Fill","hd":false},{"ty":"tr","p":{"a":0,"k":[74.603,67.112],"ix":2},"a":{"a":0,"k":[0,0],"ix":1},"s":{"a":0,"k":[100,100],"ix":3},"r":{"a":0,"k":0,"ix":6},"o":{"a":0,"k":100,"ix":7},"sk":{"a":0,"k":0,"ix":4},"sa":{"a":0,"k":0,"ix":5},"nm":"Transform"}],"nm":"Group 1","np":3,"cix":2,"bm":0,"ix":1,"mn":"ADBE Vector Group","hd":false}],"ip":0,"op":300,"st":0,"ct":1,"bm":0},{"ddd":0,"ind":3,"ty":4,"nm":"tag","parent":4,"tt":1,"tp":2,"sr":1,"ks":{"p":{"a":1,"k":[{"i":{"x":0.833,"y":0.833},"o":{"x":0.167,"y":0.167},"t":80,"s":[6.343,123.349,0],"to":[0,0,0],"ti":[0,0,0]},{"t":108,"s":[7.43,123.349,0]}],"ix":2,"l":2},"a":{"a":0,"k":[14.342,16.947,0],"ix":1,"l":2},"s":{"a":0,"k":[434.783,434.783,100],"ix":6,"l":2}},"ao":0,"shapes":[{"ty":"gr","it":[{"ind":0,"ty":"sh","ix":1,"ks":{"a":0,"k":{"i":[[2.569,-0.376],[0,0],[0,-3.901],[0,0],[0,0],[-3.901,0],[0,0],[-0.039,3.611],[0,0]],"o":[[0,0],[-3.901,0],[0,0],[0,0],[0,3.901],[0,0],[3.611,0],[0,0],[0,2.676]],"v":[[8.293,-10.189],[-5.748,-10.432],[-12.812,-3.37],[-12.812,1.279],[-12.842,8.385],[-5.778,15.448],[6.069,15.448],[12.655,8.931],[12.467,-15.448]],"c":true},"ix":2},"nm":"Path 1","mn":"ADBE Vector Shape - Group","hd":false},{"ty":"st","c":{"a":0,"k":[0.066666666667,0.105882360421,0.129411764706,1],"ix":3},"o":{"a":0,"k":100,"ix":4},"w":{"a":0,"k":1.5,"ix":5},"lc":2,"lj":2,"bm":0,"nm":"Stroke 1","mn":"ADBE Vector Graphic - Stroke","hd":false},{"ty":"fl","c":{"a":0,"k":[1,1,1,1],"ix":4},"o":{"a":0,"k":100,"ix":5},"r":1,"bm":0,"nm":"Fill 1","mn":"ADBE Vector Graphic - Fill","hd":false},{"ty":"tr","p":{"a":0,"k":[14.342,16.947],"ix":2},"a":{"a":0,"k":[0,0],"ix":1},"s":{"a":0,"k":[100,100],"ix":3},"r":{"a":0,"k":0,"ix":6},"o":{"a":0,"k":100,"ix":7},"sk":{"a":0,"k":0,"ix":4},"sa":{"a":0,"k":0,"ix":5},"nm":"Transform"}],"nm":"Group 1","np":3,"cix":2,"bm":0,"ix":1,"mn":"ADBE Vector Group","hd":false}],"ip":4,"op":310,"st":4,"ct":1,"bm":0},{"ddd":0,"ind":4,"ty":3,"nm":"pull","parent":13,"sr":1,"ks":{"o":{"a":0,"k":0,"ix":11},"r":{"a":0,"k":-7,"ix":10},"p":{"a":1,"k":[{"i":{"x":0.833,"y":0.833},"o":{"x":0.167,"y":0.167},"t":62,"s":[32.806,40.293,0],"to":[0,0,0],"ti":[0,0,0]},{"i":{"x":0.833,"y":0.833},"o":{"x":0.167,"y":0.167},"t":81,"s":[161.837,24.45,0],"to":[0,0,0],"ti":[0,0,0]},{"t":94,"s":[216.427,17.747,0]}],"ix":2,"l":2},"a":{"a":0,"k":[50,50,0],"ix":1,"l":2},"s":{"a":0,"k":[23,23,100],"ix":6,"l":2}},"ao":0,"ip":0,"op":300,"st":0,"bm":0},{"ddd":0,"ind":5,"ty":3,"nm":"profile size","parent":4,"sr":1,"ks":{"o":{"a":0,"k":0,"ix":11},"p":{"a":1,"k":[{"i":{"x":0.833,"y":0.833},"o":{"x":0.167,"y":0.167},"t":75,"s":[51.087,103.261,0],"to":[21.475,1.087,0],"ti":[-6.522,48.913,0]},{"i":{"x":0.833,"y":0.833},"o":{"x":0.167,"y":0.167},"t":81,"s":[53.261,64.13,0],"to":[6.522,-48.913,0],"ti":[-6.522,48.913,0]},{"t":94,"s":[53.261,64.13,0]}],"ix":2,"l":2},"a":{"a":0,"k":[50,50,0],"ix":1,"l":2},"s":{"a":1,"k":[{"i":{"x":[0.833,0.833,0.833],"y":[0.833,0.833,0.833]},"o":{"x":[0.167,0.167,0.167],"y":[0.167,0.167,0.167]},"t":75,"s":[50,50,100]},{"i":{"x":[0.833,0.833,0.833],"y":[0.833,0.833,0.833]},"o":{"x":[0.167,0.167,0.167],"y":[0.167,0.167,0.167]},"t":81,"s":[100,100,100]},{"t":94,"s":[100,100,100]}],"ix":6,"l":2}},"ao":0,"ip":0,"op":300,"st":0,"bm":0},{"ddd":0,"ind":6,"ty":4,"nm":"mask 5","parent":12,"td":1,"sr":1,"ks":{"r":{"a":0,"k":-3,"ix":10},"p":{"a":0,"k":[-62.404,-2.685,0],"ix":2,"l":2},"a":{"a":0,"k":[74.603,67.112,0],"ix":1,"l":2}},"ao":0,"shapes":[{"ty":"gr","it":[{"ind":0,"ty":"sh","ix":1,"ks":{"a":0,"k":{"i":[[1.182,3.858],[-5.117,1.566],[-33.736,31.817],[-3.017,0.376],[2.693,-2.441],[0,0],[0,0]],"o":[[-1.566,-5.117],[0,0],[44.359,-41.836],[154.842,-19.324],[0,0],[0,0],[-3.781,-0.367]],"v":[[64.768,21.398],[71.2,9.3],[65.423,-90.343],[231.306,-137.611],[285.456,112.769],[69.146,52.799],[73.103,28.21]],"c":true},"ix":2},"nm":"Path 1","mn":"ADBE Vector Shape - Group","hd":false},{"ty":"st","c":{"a":0,"k":[0.066666666667,0.105882360421,0.129411764706,1],"ix":3},"o":{"a":0,"k":100,"ix":4},"w":{"a":0,"k":1.5,"ix":5},"lc":2,"lj":2,"bm":0,"nm":"Stroke 1","mn":"ADBE Vector Graphic - Stroke","hd":false},{"ty":"fl","c":{"a":0,"k":[0.145098039216,0.827451040231,0.400000029919,1],"ix":4},"o":{"a":0,"k":100,"ix":5},"r":1,"bm":0,"nm":"Fill 1","mn":"ADBE Vector Graphic - Fill","hd":false},{"ty":"tr","p":{"a":0,"k":[74.603,67.112],"ix":2},"a":{"a":0,"k":[0,0],"ix":1},"s":{"a":0,"k":[100,100],"ix":3},"r":{"a":0,"k":0,"ix":6},"o":{"a":0,"k":100,"ix":7},"sk":{"a":0,"k":0,"ix":4},"sa":{"a":0,"k":0,"ix":5},"nm":"Transform"}],"nm":"Group 1","np":3,"cix":2,"bm":0,"ix":1,"mn":"ADBE Vector Group","hd":false}],"ip":0,"op":300,"st":0,"ct":1,"bm":0},{"ddd":0,"ind":7,"ty":4,"nm":"profile Outlines","parent":5,"tt":1,"tp":6,"sr":1,"ks":{"r":{"a":1,"k":[{"i":{"x":[0.833],"y":[0.833]},"o":{"x":[0.167],"y":[0.167]},"t":62,"s":[-33]},{"t":95,"s":[0]}],"ix":10},"p":{"a":0,"k":[-71.618,7.374,0],"ix":2,"l":2},"a":{"a":0,"k":[33.701,33.701,0],"ix":1,"l":2},"s":{"a":0,"k":[434.783,434.783,100],"ix":6,"l":2}},"ao":0,"shapes":[{"ty":"gr","it":[{"ind":0,"ty":"sh","ix":1,"ks":{"a":0,"k":{"i":[[0,0],[-6.944,3.551],[1.439,1.101],[5.006,1.925],[2.876,0.256],[3.397,-2.591],[-7.627,-2.924]],"o":[[7.852,3.013],[-1.011,-3.866],[-2.304,-1.746],[-5.006,-1.924],[-1.895,-0.158],[2.868,7.008],[0,0]],"v":[[-3.512,7.684],[19.645,6.447],[13.768,-1.128],[2.663,-7.271],[-9.709,-10.143],[-19.645,-8.107],[-3.512,7.68]],"c":true},"ix":2},"nm":"Path 1","mn":"ADBE Vector Shape - Group","hd":false},{"ty":"st","c":{"a":0,"k":[0.066666666667,0.105882360421,0.129411764706,1],"ix":3},"o":{"a":0,"k":100,"ix":4},"w":{"a":1,"k":[{"i":{"x":[0.833],"y":[0.833]},"o":{"x":[0.167],"y":[0.167]},"t":62,"s":[3]},{"i":{"x":[0.833],"y":[0.833]},"o":{"x":[0.167],"y":[0.167]},"t":79,"s":[2]},{"t":94,"s":[1.5]}],"ix":5},"lc":2,"lj":2,"bm":0,"nm":"Stroke 1","mn":"ADBE Vector Graphic - Stroke","hd":false},{"ty":"fl","c":{"a":0,"k":[0.901960844152,1,0.854902020623,1],"ix":4},"o":{"a":0,"k":100,"ix":5},"r":1,"bm":0,"nm":"Fill 1","mn":"ADBE Vector Graphic - Fill","hd":false},{"ty":"tr","p":{"a":0,"k":[27.018,52.584],"ix":2},"a":{"a":0,"k":[0,0],"ix":1},"s":{"a":0,"k":[100,100],"ix":3},"r":{"a":0,"k":0,"ix":6},"o":{"a":0,"k":100,"ix":7},"sk":{"a":0,"k":0,"ix":4},"sa":{"a":0,"k":0,"ix":5},"nm":"Transform"}],"nm":"Group 1","np":3,"cix":2,"bm":0,"ix":1,"mn":"ADBE Vector Group","hd":false},{"ty":"gr","it":[{"ind":0,"ty":"sh","ix":1,"ks":{"a":0,"k":{"i":[[-6.641,-2.548],[-2.548,6.641],[6.641,2.548],[2.548,-6.641]],"o":[[6.641,2.548],[2.548,-6.641],[-6.64,-2.548],[-2.547,6.641]],"v":[[-4.614,12.019],[12.018,4.614],[4.613,-12.019],[-12.019,-4.614]],"c":true},"ix":2},"nm":"Path 1","mn":"ADBE Vector Shape - Group","hd":false},{"ty":"st","c":{"a":0,"k":[0.066666666667,0.105882360421,0.129411764706,1],"ix":3},"o":{"a":0,"k":100,"ix":4},"w":{"a":1,"k":[{"i":{"x":[0.833],"y":[0.833]},"o":{"x":[0.167],"y":[0.167]},"t":62,"s":[3]},{"i":{"x":[0.833],"y":[0.833]},"o":{"x":[0.167],"y":[0.167]},"t":79,"s":[2]},{"t":95,"s":[1.5]}],"ix":5},"lc":2,"lj":2,"bm":0,"nm":"Stroke 1","mn":"ADBE Vector Graphic - Stroke","hd":false},{"ty":"fl","c":{"a":0,"k":[0.901960844152,1,0.854902020623,1],"ix":4},"o":{"a":0,"k":100,"ix":5},"r":1,"bm":0,"nm":"Fill 1","mn":"ADBE Vector Graphic - Fill","hd":false},{"ty":"tr","p":{"a":0,"k":[35.443,30.282],"ix":2},"a":{"a":0,"k":[0,0],"ix":1},"s":{"a":0,"k":[100,100],"ix":3},"r":{"a":0,"k":0,"ix":6},"o":{"a":0,"k":100,"ix":7},"sk":{"a":0,"k":0,"ix":4},"sa":{"a":0,"k":0,"ix":5},"nm":"Transform"}],"nm":"Group 2","np":3,"cix":2,"bm":0,"ix":2,"mn":"ADBE Vector Group","hd":false},{"ty":"gr","it":[{"ind":0,"ty":"sh","ix":1,"ks":{"a":0,"k":{"i":[[5.634,-14.673],[14.673,5.633],[-5.634,14.673],[-14.673,-5.634]],"o":[[-5.633,14.673],[-14.673,-5.634],[5.634,-14.673],[14.673,5.633]],"v":[[26.568,10.196],[-10.196,26.568],[-26.568,-10.196],[10.197,-26.567]],"c":true},"ix":2},"nm":"Path 1","mn":"ADBE Vector Shape - Group","hd":false},{"ty":"st","c":{"a":0,"k":[0.066666666667,0.105882360421,0.129411764706,1],"ix":3},"o":{"a":0,"k":100,"ix":4},"w":{"a":1,"k":[{"i":{"x":[0.833],"y":[0.833]},"o":{"x":[0.167],"y":[0.167]},"t":62,"s":[3]},{"i":{"x":[0.833],"y":[0.833]},"o":{"x":[0.167],"y":[0.167]},"t":79,"s":[2]},{"t":95,"s":[1.5]}],"ix":5},"lc":2,"lj":2,"bm":0,"nm":"Stroke 1","mn":"ADBE Vector Graphic - Stroke","hd":false},{"ty":"fl","c":{"a":0,"k":[0.901960844152,1,0.854902020623,1],"ix":4},"o":{"a":0,"k":100,"ix":5},"r":1,"bm":0,"nm":"Fill 1","mn":"ADBE Vector Graphic - Fill","hd":false},{"ty":"tr","p":{"a":0,"k":[33.701,33.701],"ix":2},"a":{"a":0,"k":[0,0],"ix":1},"s":{"a":0,"k":[100,100],"ix":3},"r":{"a":0,"k":0,"ix":6},"o":{"a":0,"k":100,"ix":7},"sk":{"a":0,"k":0,"ix":4},"sa":{"a":0,"k":0,"ix":5},"nm":"Transform"}],"nm":"Group 3","np":3,"cix":2,"bm":0,"ix":3,"mn":"ADBE Vector Group","hd":false}],"ip":0,"op":300,"st":0,"ct":1,"bm":0},{"ddd":0,"ind":8,"ty":4,"nm":"mask 4","parent":12,"td":1,"sr":1,"ks":{"r":{"a":0,"k":-3,"ix":10},"p":{"a":0,"k":[-62.404,-2.685,0],"ix":2,"l":2},"a":{"a":0,"k":[74.603,67.112,0],"ix":1,"l":2}},"ao":0,"shapes":[{"ty":"gr","it":[{"ind":0,"ty":"sh","ix":1,"ks":{"a":0,"k":{"i":[[1.182,3.858],[-5.117,1.566],[-33.736,31.817],[-3.017,0.376],[2.693,-2.441],[0,0],[0,0]],"o":[[-1.566,-5.117],[0,0],[44.359,-41.836],[154.842,-19.324],[0,0],[0,0],[-3.781,-0.367]],"v":[[64.768,21.398],[71.2,9.3],[65.423,-90.343],[231.306,-137.611],[285.456,112.769],[69.146,52.799],[73.103,28.21]],"c":true},"ix":2},"nm":"Path 1","mn":"ADBE Vector Shape - Group","hd":false},{"ty":"st","c":{"a":0,"k":[0.066666666667,0.105882360421,0.129411764706,1],"ix":3},"o":{"a":0,"k":100,"ix":4},"w":{"a":0,"k":1.5,"ix":5},"lc":2,"lj":2,"bm":0,"nm":"Stroke 1","mn":"ADBE Vector Graphic - Stroke","hd":false},{"ty":"fl","c":{"a":0,"k":[0.145098039216,0.827451040231,0.400000029919,1],"ix":4},"o":{"a":0,"k":100,"ix":5},"r":1,"bm":0,"nm":"Fill 1","mn":"ADBE Vector Graphic - Fill","hd":false},{"ty":"tr","p":{"a":0,"k":[74.603,67.112],"ix":2},"a":{"a":0,"k":[0,0],"ix":1},"s":{"a":0,"k":[100,100],"ix":3},"r":{"a":0,"k":0,"ix":6},"o":{"a":0,"k":100,"ix":7},"sk":{"a":0,"k":0,"ix":4},"sa":{"a":0,"k":0,"ix":5},"nm":"Transform"}],"nm":"Group 1","np":3,"cix":2,"bm":0,"ix":1,"mn":"ADBE Vector Group","hd":false}],"ip":0,"op":300,"st":0,"ct":1,"bm":0},{"ddd":0,"ind":9,"ty":5,"nm":"phone number","parent":4,"tt":1,"tp":8,"sr":1,"ks":{"p":{"a":0,"k":[-366.33,86.26,0],"ix":2,"l":2},"a":{"a":0,"k":[-38.006,-29.91,0],"ix":1,"l":2},"s":{"a":0,"k":[434.783,434.783,100],"ix":6,"l":2}},"ao":0,"t":{"d":{"k":[{"s":{"sz":[242.5,12.5],"ps":[-91.75,-36.75],"s":16,"f":"Roboto-Regular","t":"+34•••••••89","ca":0,"j":0,"tr":0,"lh":19.2000007629395,"ls":0,"fc":[0.067,0.106,0.129]},"t":0}]},"p":{},"m":{"g":1,"a":{"a":0,"k":[0,0],"ix":2}},"a":[]},"ip":0,"op":300,"st":0,"ct":1,"bm":0},{"ddd":0,"ind":10,"ty":4,"nm":"mask","parent":12,"td":1,"sr":1,"ks":{"r":{"a":0,"k":-3,"ix":10},"p":{"a":0,"k":[-62.404,-2.685,0],"ix":2,"l":2},"a":{"a":0,"k":[74.603,67.112,0],"ix":1,"l":2}},"ao":0,"shapes":[{"ty":"gr","it":[{"ind":0,"ty":"sh","ix":1,"ks":{"a":0,"k":{"i":[[1.182,3.858],[-5.117,1.566],[-33.736,31.817],[-3.017,0.376],[2.693,-2.441],[0,0],[0,0]],"o":[[-1.566,-5.117],[0,0],[44.359,-41.836],[154.842,-19.324],[0,0],[0,0],[-3.781,-0.367]],"v":[[64.768,21.398],[71.2,9.3],[65.423,-90.343],[231.306,-137.611],[285.456,112.769],[69.146,52.799],[73.103,28.21]],"c":true},"ix":2},"nm":"Path 1","mn":"ADBE Vector Shape - Group","hd":false},{"ty":"st","c":{"a":0,"k":[0.066666666667,0.105882360421,0.129411764706,1],"ix":3},"o":{"a":0,"k":100,"ix":4},"w":{"a":0,"k":1.5,"ix":5},"lc":2,"lj":2,"bm":0,"nm":"Stroke 1","mn":"ADBE Vector Graphic - Stroke","hd":false},{"ty":"fl","c":{"a":0,"k":[0.145098039216,0.827451040231,0.400000029919,1],"ix":4},"o":{"a":0,"k":100,"ix":5},"r":1,"bm":0,"nm":"Fill 1","mn":"ADBE Vector Graphic - Fill","hd":false},{"ty":"tr","p":{"a":0,"k":[74.603,67.112],"ix":2},"a":{"a":0,"k":[0,0],"ix":1},"s":{"a":0,"k":[100,100],"ix":3},"r":{"a":0,"k":0,"ix":6},"o":{"a":0,"k":100,"ix":7},"sk":{"a":0,"k":0,"ix":4},"sa":{"a":0,"k":0,"ix":5},"nm":"Transform"}],"nm":"Group 1","np":3,"cix":2,"bm":0,"ix":1,"mn":"ADBE Vector Group","hd":false}],"ip":0,"op":300,"st":0,"ct":1,"bm":0},{"ddd":0,"ind":11,"ty":4,"nm":"sticker","parent":4,"tt":1,"tp":10,"sr":1,"ks":{"p":{"a":0,"k":[-232.927,103.987,0],"ix":2,"l":2},"a":{"a":0,"k":[50.819,15.883,0],"ix":1,"l":2},"s":{"a":0,"k":[434.783,434.783,100],"ix":6,"l":2}},"ao":0,"shapes":[{"ty":"gr","it":[{"ind":0,"ty":"sh","ix":1,"ks":{"a":0,"k":{"i":[[0,0],[0,0],[0,0],[0,0],[-0.035,2.534],[0,0],[0,0],[2.936,0]],"o":[[0,0],[0,0],[0,0],[2.534,0],[0,0],[0,0],[0,-2.936],[0,0]],"v":[[62.951,-14.324],[-120.319,-14.632],[-120.319,14.134],[53.879,14.418],[58.512,9.848],[67.083,-4.802],[67.68,-10.533],[62.956,-14.32]],"c":true},"ix":2},"nm":"Path 1","mn":"ADBE Vector Shape - Group","hd":false},{"ty":"st","c":{"a":0,"k":[0.066666666667,0.105882360421,0.129411764706,1],"ix":3},"o":{"a":0,"k":100,"ix":4},"w":{"a":0,"k":1.5,"ix":5},"lc":2,"lj":2,"bm":0,"nm":"Stroke 1","mn":"ADBE Vector Graphic - Stroke","hd":false},{"ty":"fl","c":{"a":0,"k":[0.988235353956,0.960784373564,0.921568687289,1],"ix":4},"o":{"a":0,"k":100,"ix":5},"r":1,"bm":0,"nm":"Fill 1","mn":"ADBE Vector Graphic - Fill","hd":false},{"ty":"tr","p":{"a":0,"k":[50.819,15.883],"ix":2},"a":{"a":0,"k":[0,0],"ix":1},"s":{"a":0,"k":[100,100],"ix":3},"r":{"a":0,"k":0,"ix":6},"o":{"a":0,"k":100,"ix":7},"sk":{"a":0,"k":0,"ix":4},"sa":{"a":0,"k":0,"ix":5},"nm":"Transform"}],"nm":"Group 1","np":3,"cix":2,"bm":0,"ix":1,"mn":"ADBE Vector Group","hd":false}],"ip":0,"op":300,"st":0,"ct":1,"bm":0},{"ddd":0,"ind":12,"ty":4,"nm":"hole","parent":13,"sr":1,"ks":{"p":{"a":0,"k":[60.567,52.082,0],"ix":2,"l":2},"a":{"a":0,"k":[18.736,24.094,0],"ix":1,"l":2}},"ao":0,"shapes":[{"ty":"gr","it":[{"ind":0,"ty":"sh","ix":1,"ks":{"a":0,"k":{"i":[[0,0],[0,0],[1.131,3.709],[5.118,-1.567],[-1.567,-5.117],[-3.782,-0.368],[0,0],[0,0]],"o":[[0,0],[2.693,-2.441],[-1.567,-5.117],[-5.117,1.566],[1.182,3.858],[0,0],[0,0],[0,0]],"v":[[17.236,14.349],[0.092,-4.588],[2.862,-14.596],[-9.238,-21.027],[-15.669,-8.928],[-7.334,-2.116],[-9.716,22.594],[17.236,14.353]],"c":true},"ix":2},"nm":"Path 1","mn":"ADBE Vector Shape - Group","hd":false},{"ty":"st","c":{"a":0,"k":[0.066666666667,0.105882360421,0.129411764706,1],"ix":3},"o":{"a":0,"k":100,"ix":4},"w":{"a":0,"k":1.5,"ix":5},"lc":2,"lj":2,"bm":0,"nm":"Stroke 1","mn":"ADBE Vector Graphic - Stroke","hd":false},{"ty":"fl","c":{"a":0,"k":[0.145098039216,0.827451040231,0.400000029919,1],"ix":4},"o":{"a":0,"k":100,"ix":5},"r":1,"bm":0,"nm":"Fill 1","mn":"ADBE Vector Graphic - Fill","hd":false},{"ty":"tr","p":{"a":0,"k":[18.736,24.094],"ix":2},"a":{"a":0,"k":[0,0],"ix":1},"s":{"a":0,"k":[100,100],"ix":3},"r":{"a":0,"k":0,"ix":6},"o":{"a":0,"k":100,"ix":7},"sk":{"a":0,"k":0,"ix":4},"sa":{"a":0,"k":0,"ix":5},"nm":"Transform"}],"nm":"Group 1","np":3,"cix":2,"bm":0,"ix":1,"mn":"ADBE Vector Group","hd":false}],"ip":0,"op":300,"st":0,"ct":1,"bm":0},{"ddd":0,"ind":13,"ty":4,"nm":"lock","sr":1,"ks":{"r":{"a":1,"k":[{"i":{"x":[0.373],"y":[1]},"o":{"x":[1],"y":[0]},"t":18,"s":[17]},{"i":{"x":[0.918],"y":[1]},"o":{"x":[1],"y":[0]},"t":34,"s":[26]},{"i":{"x":[0.152],"y":[1]},"o":{"x":[0.333],"y":[0]},"t":49,"s":[17]},{"t":62,"s":[7]}],"ix":10},"p":{"a":1,"k":[{"i":{"x":0.373,"y":1},"o":{"x":1,"y":0},"t":18,"s":[114.265,99.952,0],"to":[0,0,0],"ti":[0,0,0]},{"i":{"x":0.918,"y":1},"o":{"x":1,"y":0},"t":34,"s":[123.765,96.952,0],"to":[0,0,0],"ti":[0,0,0]},{"i":{"x":0.152,"y":1},"o":{"x":0.333,"y":0},"t":49,"s":[114.265,99.952,0],"to":[0,0,0],"ti":[0,0,0]},{"t":62,"s":[62.593,96.452,0]}],"ix":2,"l":2},"a":{"a":0,"k":[56.931,51.387,0],"ix":1,"l":2}},"ao":0,"shapes":[{"ty":"gr","it":[{"ind":0,"ty":"sh","ix":1,"ks":{"a":0,"k":{"i":[[11.426,-3.495],[0,0],[3.495,11.425],[0,0],[0,0],[-11.425,3.496],[0,0],[-3.495,-11.425],[0,0]],"o":[[0,0],[-11.425,3.495],[0,0],[0,0],[-3.496,-11.425],[0,0],[11.425,-3.496],[0,0],[3.495,11.426]],"v":[[37.575,30.613],[-14.025,46.393],[-41.04,32.031],[-46.745,13.372],[-51.936,-3.598],[-37.575,-30.614],[14.025,-46.391],[41.04,-32.031],[51.937,3.598]],"c":true},"ix":2},"nm":"Path 1","mn":"ADBE Vector Shape - Group","hd":false},{"ty":"st","c":{"a":0,"k":[0.066666666667,0.105882360421,0.129411764706,1],"ix":3},"o":{"a":0,"k":100,"ix":4},"w":{"a":0,"k":1.5,"ix":5},"lc":2,"lj":2,"bm":0,"nm":"Stroke 1","mn":"ADBE Vector Graphic - Stroke","hd":false},{"ty":"fl","c":{"a":0,"k":[0.145098039216,0.827451040231,0.400000029919,1],"ix":4},"o":{"a":0,"k":100,"ix":5},"r":1,"bm":0,"nm":"Fill 1","mn":"ADBE Vector Graphic - Fill","hd":false},{"ty":"tr","p":{"a":0,"k":[56.931,51.387],"ix":2},"a":{"a":0,"k":[0,0],"ix":1},"s":{"a":0,"k":[100,100],"ix":3},"r":{"a":0,"k":0,"ix":6},"o":{"a":0,"k":100,"ix":7},"sk":{"a":0,"k":0,"ix":4},"sa":{"a":0,"k":0,"ix":5},"nm":"Transform"}],"nm":"Group 1","np":3,"cix":2,"bm":0,"ix":1,"mn":"ADBE Vector Group","hd":false}],"ip":0,"op":300,"st":0,"ct":1,"bm":0},{"ddd":0,"ind":14,"ty":4,"nm":"lock","parent":13,"sr":1,"ks":{"p":{"a":1,"k":[{"i":{"x":0.465,"y":1},"o":{"x":0,"y":0},"t":49,"s":[47.08,19.309,0],"to":[0,0,0],"ti":[0,0,0]},{"i":{"x":0.853,"y":1},"o":{"x":0.398,"y":0},"t":51,"s":[48.45,24.118,0],"to":[0,0,0],"ti":[0,0,0]},{"i":{"x":0.667,"y":1},"o":{"x":1,"y":0},"t":54,"s":[47.08,19.309,0],"to":[0,0,0],"ti":[0,0,0]},{"t":62,"s":[44.107,3.302,0]}],"ix":2,"l":2},"a":{"a":0,"k":[35.453,45.653,0],"ix":1,"l":2}},"ao":0,"shapes":[{"ty":"gr","it":[{"ind":0,"ty":"sh","ix":1,"ks":{"a":0,"k":{"i":[[-3.713,1.135],[-1.136,-3.709],[-1.888,-6.616],[3.208,15.021],[0,0],[13.154,-4.02],[-4.02,-13.15],[0,0],[0,0],[0,0]],"o":[[3.713,-1.135],[0,0],[2.837,12.292],[-1.88,-7.028],[-4.02,-13.145],[-13.149,4.02],[0,0],[0,0],[0,0],[-1.135,-3.713]],"v":[[-8.171,-23.023],[0.604,-18.358],[4.174,-7.156],[21.111,-12.025],[17.688,-23.603],[-13.404,-40.133],[-29.933,-9.041],[-13.668,44.153],[2.798,39.118],[-12.836,-14.248]],"c":true},"ix":2},"nm":"Path 1","mn":"ADBE Vector Shape - Group","hd":false},{"ty":"st","c":{"a":0,"k":[0.066666666667,0.105882360421,0.129411764706,1],"ix":3},"o":{"a":0,"k":100,"ix":4},"w":{"a":0,"k":1.5,"ix":5},"lc":2,"lj":2,"bm":0,"nm":"Stroke 1","mn":"ADBE Vector Graphic - Stroke","hd":false},{"ty":"fl","c":{"a":0,"k":[0.145098039216,0.827451040231,0.400000029919,1],"ix":4},"o":{"a":0,"k":100,"ix":5},"r":1,"bm":0,"nm":"Fill 1","mn":"ADBE Vector Graphic - Fill","hd":false},{"ty":"tr","p":{"a":0,"k":[35.453,45.653],"ix":2},"a":{"a":0,"k":[0,0],"ix":1},"s":{"a":0,"k":[100,100],"ix":3},"r":{"a":0,"k":0,"ix":6},"o":{"a":0,"k":100,"ix":7},"sk":{"a":0,"k":0,"ix":4},"sa":{"a":0,"k":0,"ix":5},"nm":"Transform"}],"nm":"Group 1","np":3,"cix":2,"bm":0,"ix":1,"mn":"ADBE Vector Group","hd":false}],"ip":0,"op":300,"st":0,"ct":1,"bm":0}],"markers":[],"props":{}}