{
  "_signature": "// @generated SignedSource<<01d9adc4279d9945c1615db9a0447015>> created by incremental-persist.py",
  "data": {
    "AddMultiAccountLink": "24893947900219705",
    "AllowNonAdminGroupCreation": "7519835874701878",
    "CheckAutoConfConsent": "9625438944164624",
    "CreateAndGet1on1InviteCode": "6420488448013581",
    "GetAutoConfConfidenceChallenge": "9449283601809884",
    "GetMetabotList": "7189437524443334",
    "GetRegistrationUpsell": "7288625281217531",
    "GetSuggestedContacts": "24497904963133841",
    "GetTextStatus": "6681894428597832",
    "GetTextStatusList": "7313153618713617",
    "NewsletterAcceptAdminInvite": "6179636105471882",
    "NewsletterAdminDemote": "7220922401252829",
    "NewsletterAdminInvite": "24943748628557365",
    "NewsletterAdminInviteRevoke": "6550386328343169",
    "NewsletterAdminMetadataQuery": "7278258118918501",
    "NewsletterAppeals": "24898410843138257",
    "NewsletterChangeOwner": "6951013521615265",
    "NewsletterCreate": "24948714811409168",
    "NewsletterCreateEnforcementAppeal": "6935653416546487",
    "NewsletterCreateGeosuspendAppeal": "6702710623161172",
    "NewsletterCreateReportAppeal": "24682133488044321",
    "NewsletterCreateSuspendAppeal": "6158538720914334",
    "NewsletterCreateVerified": "7061701707209745",
    "NewsletterCreateViolatingMessageAppeal": "6503193706474836",
    "NewsletterDelete": "6285734628148226",
    "NewsletterDirectoryCategoryPreview": "7580293072004603",
    "NewsletterDirectoryList": "25088242874155438",
    "NewsletterDirectorySearch": "7444696985553630",
    "NewsletterEnforcements": "7489221604473612",
    "NewsletterGeoSuspendLatestAppealState": "6159980060771106",
    "NewsletterJoin": "6742622672428529",
    "NewsletterLeave": "6548204731885183",
    "NewsletterLinkPreviewCheck": "6842506979173950",
    "NewsletterMetadata": "7081642141950297",
    "NewsletterMetadataNotification": "6326535000799900",
    "NewsletterMetadataUpdate": "7108585425844815",
    "NewsletterMute": "5971669009605755",
    "NewsletterPollVoterList": "24677763351869464",
    "NewsletterQueryMessageDeliveryUpdates": "6920948374651895",
    "NewsletterReactionSendersList": "6868098736578560",
    "NewsletterRecommended": "7517690804921977",
    "NewsletterSearch": "7036769526440352",
    "NewsletterSimilar": "7869872789694102",
    "NewsletterSubscribed": "7054526957917633",
    "NewsletterSubscribers": "25403502652570342",
    "NewsletterSuspendLatestAppealState": "7173135779405098",
    "NewsletterUnmute": "6104029483058502",
    "NewsletterUpdateVerification": "7014897621891436",
    "NewsletterUserReports": "7081783475208008",
    "NewsletterViolatingMessageLatestAppealState": "6983649441670398",
    "NotificationGroupPropertyUpdate": "7384407851577691",
    "NotificationNewsletterAdminDemote": "6634787226625860",
    "NotificationNewsletterAdminInviteRevoke": "7497017380360026",
    "NotificationNewsletterAdminMetadataUpdate": "9828601590514736",
    "NotificationNewsletterAdminPromote": "7054784991295295",
    "NotificationNewsletterJoin": "6276221765813709",
    "NotificationNewsletterLeave": "7294702320556387",
    "NotificationNewsletterMuteChange": "6653725748024899",
    "NotificationNewsletterOwnerUpdate": "7088224791298632",
    "NotificationNewsletterStateChange": "7078192942214381",
    "NotificationNewsletterUpdate": "7062357403851283",
    "QueryGroupInfo": "25931432229777286",
    "QueryInviteLink": "24965552223089656",
    "QuerySubgroups": "7869298683090059",
    "QuerySuggestedGroups": "6975915379186978",
    "RegistrationUpsellShown": "7480997188628461",
    "TextStatusUpdateNotification": "6601560246628795",
    "TextStatusUpdateNotificationSideSub": "6808064125919757",
    "UpdateAutoConfConsent": "9547173492019407",
    "UpdateTextStatus": "6679986965420430",
    "UpdateUserStatus": "8702204706516599",
    "UsernameDeleteNotification": "7673259426041327",
    "UsernameSetNotification": "7375364215842673",
    "UsernameUpdateNotification": "7690268147674188",
    "ValidateVerifierConfidence": "6167147383402771",
    "WhatsappOrderCompliance": "6646812275409584",
    "WhatsappSMBOrderEducation": "6854177671335204"
  },
  "version": 1
}